Age,Income,CreditScore,LoanAmount,YearsEmployed,DebtToIncome,LatePayments,HomeOwner,Married,Education,LoanStatus
59,171563,686,60863,26,0.72,2,No,Yes,Master,Approved
49,152413,558,178115,27,0.46,1,Yes,No,HighSchool,Approved
35,195695,582,258347,16,0.33,2,No,No,HighSchool,Approved
63,110327,339,194052,1,0.14,1,Yes,No,HighSchool,Approved
28,151410,785,283495,35,0.25,1,No,No,Master,Approved
41,163326,519,140203,6,0.86,4,Yes,Yes,Master,Rejected
59,31344,428,252908,12,0.31,0,Yes,Yes,Master,Rejected
39,152822,819,278493,14,0.19,0,No,Yes,HighSchool,Approved
43,87957,559,197003,24,0.44,3,No,No,Bachelor,Rejected
31,125423,665,279597,22,0.31,1,Yes,No,Bachelor,Rejected
31,78053,843,154886,21,0.08,2,Yes,Yes,HighSchool,Approved
44,166968,823,154335,25,0.32,1,Yes,No,Bachelor,Approved
56,97454,315,82694,32,0.51,2,No,Yes,HighSchool,Rejected
60,110600,428,20735,10,0.52,3,No,No,HighSchool,Rejected
44,142732,408,180745,9,0.35,3,No,Yes,Bachelor,Approved
23,179007,832,225534,24,0.43,1,Yes,Yes,Bachelor,Approved
42,57641,568,50066,36,0.87,1,No,Yes,HighSchool,Rejected
22,49711,461,236387,37,0.37,1,Yes,No,HighSchool,Rejected
44,90342,559,139445,23,0.27,2,Yes,Yes,HighSchool,Approved
64,126896,401,277836,39,0.26,2,No,No,HighSchool,Approved
50,163254,805,50541,32,0.44,4,No,No,HighSchool,Approved
58,107833,546,170129,16,0.7,4,No,Yes,Bachelor,Rejected
22,76276,836,71983,23,0.23,4,No,Yes,Bachelor,Approved
41,39541,430,155655,36,0.65,2,No,No,Bachelor,Rejected
53,114457,652,158837,1,0.07,2,No,No,Master,Approved
32,64813,495,195359,31,0.41,0,Yes,Yes,Bachelor,Rejected
42,188270,681,215747,23,0.71,2,Yes,Yes,HighSchool,Approved
64,159892,526,182597,8,0.34,1,No,No,HighSchool,Approved
45,44070,775,174302,3,0.53,2,No,Yes,Master,Rejected
69,162194,776,292710,16,0.22,2,Yes,Yes,HighSchool,Approved
47,100559,564,257084,16,0.68,1,Yes,Yes,HighSchool,Rejected
62,61786,671,126015,29,0.09,5,Yes,Yes,HighSchool,Rejected
48,157809,785,177257,39,0.77,1,Yes,No,Bachelor,Approved
36,56062,733,251536,10,0.22,3,No,No,Bachelor,Approved
35,71571,510,229021,20,0.79,2,Yes,Yes,PhD,Rejected
67,45510,676,135956,20,0.35,3,No,Yes,Master,Rejected
64,39426,694,75744,17,0.66,4,Yes,No,Bachelor,Rejected
23,57265,749,78616,28,0.32,1,Yes,No,Bachelor,Approved
57,168922,663,92438,23,0.82,0,Yes,No,HighSchool,Rejected
27,86150,756,121841,9,0.16,4,No,No,HighSchool,Approved
41,107312,525,145558,16,0.2,3,No,No,HighSchool,Approved
29,109613,430,174934,17,0.47,1,No,Yes,HighSchool,Approved
59,94910,775,257734,19,0.12,2,Yes,Yes,HighSchool,Approved
38,72375,576,63870,36,0.22,4,Yes,No,HighSchool,Rejected
24,141826,455,91694,17,0.85,3,Yes,No,HighSchool,Approved
45,55435,517,242068,16,0.88,1,Yes,Yes,PhD,Rejected
34,116443,489,106407,8,0.37,0,No,No,Bachelor,Approved
29,154055,716,36379,13,0.83,4,No,No,PhD,Approved
46,171734,845,241500,28,0.51,1,No,Yes,Bachelor,Approved
22,43510,340,59353,30,0.28,1,Yes,Yes,Bachelor,Rejected
40,192070,606,186068,3,0.65,3,Yes,Yes,HighSchool,Approved
48,114071,637,281175,17,0.61,3,Yes,Yes,HighSchool,Rejected
67,26640,613,216144,19,0.89,2,Yes,No,HighSchool,Rejected
27,64547,374,70982,8,0.28,0,No,Yes,Master,Rejected
64,74620,578,41683,12,0.62,3,No,No,PhD,Rejected
28,166389,475,119091,14,0.09,1,Yes,No,HighSchool,Approved
67,135608,572,122797,26,0.15,1,Yes,No,HighSchool,Approved
55,27564,588,11587,14,0.05,2,No,No,Bachelor,Rejected
34,178417,571,298624,27,0.9,1,No,Yes,HighSchool,Rejected
37,133824,365,234602,36,0.73,1,No,No,Bachelor,Rejected
56,99273,782,156599,18,0.72,2,Yes,No,HighSchool,Approved
60,94859,547,290713,25,0.48,1,Yes,No,Bachelor,Rejected
24,130017,455,278295,25,0.31,3,No,Yes,HighSchool,Rejected
22,143618,346,195246,24,0.18,1,No,Yes,Bachelor,Approved
26,145341,753,49739,25,0.29,1,Yes,Yes,HighSchool,Approved
62,49430,500,37954,25,0.37,4,No,Yes,Bachelor,Rejected
24,47788,423,248935,27,0.69,1,No,Yes,PhD,Rejected
49,199615,300,114373,17,0.51,3,Yes,No,HighSchool,Approved
38,164991,490,39700,31,0.12,1,Yes,Yes,Master,Approved
46,89346,815,128728,2,0.07,0,Yes,No,Master,Approved
64,116122,741,76045,1,0.14,3,Yes,Yes,PhD,Approved
54,59974,442,149972,32,0.4,1,No,No,Master,Rejected
30,127309,490,6881,18,0.84,0,Yes,Yes,Bachelor,Rejected
56,36371,832,287933,16,0.59,3,No,No,Master,Rejected
34,65084,526,93059,32,0.73,1,No,Yes,HighSchool,Rejected
51,180701,612,219566,11,0.45,1,Yes,No,Bachelor,Approved
68,81916,601,114388,2,0.36,4,Yes,No,PhD,Rejected
35,93972,759,203303,25,0.14,2,No,No,Master,Approved
28,32984,700,270406,34,0.79,3,No,No,PhD,Approved
34,53039,850,86972,7,0.72,2,No,No,Master,Approved
43,105431,692,59722,35,0.19,1,Yes,No,Master,Approved
60,103691,506,186890,6,0.49,0,Yes,Yes,Bachelor,Approved
41,78606,509,274045,35,0.46,2,No,Yes,Master,Rejected
36,161688,414,122473,15,0.58,0,No,No,Bachelor,Approved
65,122665,550,275741,23,0.85,3,Yes,No,Master,Rejected
38,125373,518,220286,0,0.54,1,No,No,Master,Rejected
67,44574,706,248896,24,0.51,0,Yes,No,Master,Approved
44,154502,742,161877,9,0.09,1,No,No,Bachelor,Approved
46,163748,653,16874,15,0.1,1,No,No,HighSchool,Rejected
45,161888,849,229137,15,0.21,4,Yes,No,HighSchool,Approved
65,52733,441,281223,7,0.08,3,No,Yes,Master,Rejected
61,22050,800,100408,28,0.68,3,Yes,No,Bachelor,Rejected
49,129996,846,125606,38,0.66,1,Yes,No,HighSchool,Approved
35,53933,841,125062,27,0.17,2,Yes,Yes,HighSchool,Approved
65,44951,806,17100,5,0.76,3,Yes,Yes,Master,Approved
21,52413,580,155872,15,0.18,3,Yes,No,Master,Rejected
45,185873,723,199472,19,0.31,4,No,Yes,Master,Approved
27,183985,569,296581,15,0.26,0,No,Yes,Bachelor,Approved
29,132573,453,239196,6,0.37,0,Yes,Yes,Bachelor,Approved
44,191672,382,212609,13,0.27,3,No,No,HighSchool,Approved
21,186472,725,156014,25,0.47,2,No,No,HighSchool,Approved
64,155566,574,288006,25,0.4,1,No,Yes,Master,Rejected
28,142744,583,278813,13,0.89,1,No,No,HighSchool,Rejected
44,109431,472,189844,6,0.1,1,Yes,No,Bachelor,Approved
31,63001,626,283060,32,0.17,3,Yes,No,Bachelor,Rejected
37,87364,362,278022,25,0.09,1,No,Yes,Bachelor,Rejected
28,144988,372,270129,19,0.58,0,Yes,Yes,Master,Approved
55,65028,674,209720,2,0.1,1,Yes,Yes,HighSchool,Rejected
55,188645,807,46235,3,0.76,5,Yes,Yes,Master,Rejected
53,151878,697,286075,25,0.49,1,Yes,No,HighSchool,Approved
25,144343,419,97876,10,0.5,0,Yes,No,HighSchool,Rejected
62,148301,736,5336,1,0.53,3,Yes,No,Bachelor,Approved
59,146295,764,74504,13,0.2,2,Yes,Yes,HighSchool,Approved
61,180829,585,104214,29,0.22,1,No,Yes,Master,Approved
48,54636,564,187220,11,0.32,1,No,No,Bachelor,Rejected
27,199352,619,118936,25,0.55,4,Yes,Yes,HighSchool,Rejected
29,44262,675,21279,32,0.23,1,Yes,Yes,HighSchool,Approved
28,100435,388,204737,12,0.15,2,Yes,No,Bachelor,Rejected
32,148583,502,108751,13,0.87,2,Yes,Yes,Master,Rejected
54,189269,633,76386,23,0.07,1,Yes,Yes,Bachelor,Approved
53,61844,521,91124,33,0.73,4,Yes,No,Bachelor,Rejected
68,84754,340,96911,25,0.72,1,No,Yes,Master,Approved
43,185229,367,202742,20,0.3,0,Yes,No,Bachelor,Approved
44,97129,813,226094,27,0.17,2,Yes,No,HighSchool,Approved
57,60042,426,242723,35,0.17,0,Yes,Yes,Bachelor,Approved
55,81665,554,87806,39,0.64,3,No,No,Bachelor,Rejected
64,136953,315,212605,1,0.6,0,No,Yes,Bachelor,Approved
60,178448,776,235097,8,0.72,5,No,Yes,Bachelor,Rejected
42,165271,361,202478,22,0.85,3,No,Yes,PhD,Rejected
47,138533,731,175591,14,0.64,1,Yes,Yes,HighSchool,Approved
55,93781,567,170596,12,0.18,2,Yes,Yes,PhD,Approved
21,86262,334,169957,22,0.26,2,No,Yes,Bachelor,Approved
55,66600,793,237204,16,0.77,2,Yes,Yes,Bachelor,Rejected
57,96898,768,297820,1,0.23,1,No,Yes,HighSchool,Approved
67,169369,624,186871,19,0.11,4,No,Yes,Bachelor,Rejected
34,50448,603,248154,19,0.65,1,No,No,Master,Rejected
23,46172,575,77307,2,0.39,4,Yes,No,Bachelor,Rejected
21,193946,500,299067,11,0.83,0,No,Yes,HighSchool,Approved
25,27657,744,240998,39,0.6,2,Yes,Yes,Bachelor,Rejected
46,176497,623,126757,1,0.13,2,Yes,Yes,HighSchool,Approved
34,177757,334,58664,35,0.86,1,Yes,No,PhD,Rejected
59,132855,781,298171,13,0.27,4,No,No,Master,Approved
47,175650,779,171536,15,0.34,2,Yes,Yes,HighSchool,Approved
29,179903,364,264438,18,0.39,4,Yes,Yes,Master,Approved
35,27906,307,155528,33,0.09,2,Yes,Yes,Master,Approved
35,81413,600,280553,5,0.47,3,No,No,Bachelor,Rejected
46,74028,642,205399,12,0.15,3,No,Yes,Bachelor,Rejected
62,27287,730,227472,35,0.39,1,No,No,Bachelor,Rejected
33,53660,723,236182,21,0.35,0,Yes,No,Bachelor,Approved
52,80504,631,286836,17,0.71,1,Yes,Yes,HighSchool,Rejected
59,122979,737,94037,11,0.73,2,No,No,HighSchool,Approved
69,54701,473,214912,29,0.18,2,Yes,Yes,Bachelor,Rejected
52,103300,826,190272,39,0.36,4,No,No,HighSchool,Rejected
24,168746,325,229135,6,0.37,1,No,No,Master,Rejected
50,103560,705,193487,31,0.18,3,Yes,Yes,HighSchool,Approved
57,174946,531,23074,18,0.73,4,Yes,Yes,Bachelor,Rejected
43,63642,832,151621,5,0.65,4,No,No,Master,Rejected
59,85160,849,297107,19,0.21,1,Yes,No,Bachelor,Approved
65,37602,804,232434,26,0.36,2,Yes,No,Bachelor,Rejected
35,123320,478,237679,36,0.14,3,No,Yes,PhD,Approved
63,108801,431,57265,6,0.58,0,Yes,Yes,Master,Approved
49,45931,754,21061,4,0.15,1,No,Yes,HighSchool,Approved
56,114377,647,164882,10,0.89,2,Yes,Yes,Bachelor,Rejected
33,49192,839,118502,14,0.71,3,No,No,PhD,Approved
52,66542,705,289944,2,0.38,2,Yes,No,Bachelor,Rejected
27,147015,375,261505,4,0.54,1,Yes,No,Bachelor,Rejected
42,62520,791,112228,22,0.82,1,No,No,HighSchool,Approved
48,84772,493,211548,36,0.52,0,No,No,HighSchool,Rejected
22,70106,461,295198,8,0.2,2,Yes,Yes,Bachelor,Rejected
62,101121,646,181469,14,0.37,2,Yes,Yes,Master,Approved
65,45559,660,18233,2,0.77,1,No,No,PhD,Rejected
26,125595,386,247277,28,0.6,2,Yes,No,Master,Rejected
48,53742,561,161140,5,0.6,3,No,No,HighSchool,Rejected
48,89669,513,109135,16,0.79,2,No,No,HighSchool,Rejected
64,172826,561,222314,25,0.81,2,No,No,PhD,Rejected
64,155044,582,18682,20,0.83,3,Yes,No,HighSchool,Approved
40,90831,766,159455,7,0.13,2,Yes,No,HighSchool,Approved
50,132217,679,229404,20,0.51,2,No,No,Master,Rejected
31,61873,661,290810,10,0.68,1,Yes,Yes,Bachelor,Rejected
48,126532,748,96198,37,0.69,4,Yes,No,HighSchool,Rejected
45,146267,740,46830,7,0.57,5,Yes,No,Master,Approved
59,160975,392,15234,23,0.19,1,Yes,Yes,PhD,Approved
53,154092,723,62616,34,0.73,1,Yes,Yes,HighSchool,Approved
21,61755,441,276365,13,0.66,4,Yes,No,Master,Rejected
47,105956,590,147482,13,0.12,2,No,Yes,Bachelor,Approved
33,106988,731,216127,9,0.44,4,Yes,Yes,Bachelor,Approved
61,65648,348,197485,11,0.2,3,Yes,No,Master,Rejected
23,145991,601,6051,37,0.34,2,Yes,Yes,PhD,Approved
59,160588,489,81918,33,0.07,2,No,No,HighSchool,Approved
26,135005,435,83116,9,0.39,0,Yes,No,HighSchool,Rejected
28,22396,703,233931,16,0.52,2,No,No,HighSchool,Rejected
47,104082,640,213547,16,0.58,0,No,Yes,Bachelor,Rejected
29,170201,617,231572,2,0.61,4,Yes,Yes,HighSchool,Rejected
57,148322,662,136379,30,0.76,3,Yes,No,Bachelor,Approved
53,152663,681,61889,0,0.23,3,Yes,No,HighSchool,Approved
62,31303,532,231256,11,0.15,0,No,Yes,Bachelor,Rejected
64,181633,643,43134,38,0.77,4,No,No,HighSchool,Rejected
44,91719,848,207834,3,0.18,2,No,Yes,Master,Approved
35,119616,828,232579,12,0.88,1,Yes,Yes,HighSchool,Approved
52,144165,482,30954,33,0.77,1,No,Yes,HighSchool,Approved
52,106231,340,191093,20,0.48,3,Yes,Yes,Master,Approved
44,27314,850,231999,21,0.88,2,Yes,Yes,Bachelor,Rejected
61,39623,696,215938,3,0.13,1,No,Yes,HighSchool,Approved
69,125228,793,206499,17,0.31,2,No,No,HighSchool,Approved
69,184202,632,272136,4,0.59,1,Yes,No,Bachelor,Rejected
32,117624,426,6961,18,0.35,2,Yes,Yes,Bachelor,Approved
59,177364,300,17497,1,0.84,3,Yes,Yes,Master,Approved
22,131785,467,261446,11,0.11,2,Yes,No,Bachelor,Approved
23,106206,318,280399,16,0.52,1,Yes,No,HighSchool,Rejected
69,89274,631,140639,9,0.55,0,No,No,Bachelor,Rejected
57,153541,755,240889,33,0.6,0,No,No,Bachelor,Approved
69,73947,408,184075,5,0.27,1,No,No,Master,Rejected
37,173606,567,25389,7,0.36,2,No,No,HighSchool,Rejected
69,68874,744,180595,10,0.77,2,Yes,No,Bachelor,Rejected
22,69708,539,218175,11,0.22,2,No,No,HighSchool,Rejected
22,94553,600,8358,8,0.75,1,No,Yes,Bachelor,Rejected
48,88344,402,257557,1,0.53,1,Yes,No,Master,Rejected
43,69138,549,212596,7,0.7,2,No,Yes,Bachelor,Rejected
57,67638,752,259488,10,0.66,0,Yes,No,Master,Approved
52,98249,819,110982,35,0.23,1,No,No,Bachelor,Approved
53,125865,452,233129,9,0.53,3,No,No,Master,Rejected
21,22719,473,272842,20,0.79,0,Yes,No,Master,Rejected
39,173962,642,98079,19,0.42,0,No,No,HighSchool,Rejected
22,187581,730,60805,7,0.87,1,Yes,Yes,HighSchool,Approved
64,62534,623,167421,35,0.43,1,No,No,Bachelor,Rejected
46,112241,719,212849,28,0.17,0,Yes,Yes,HighSchool,Approved
52,169859,784,243483,11,0.38,2,Yes,Yes,Bachelor,Approved
26,146209,711,49041,13,0.86,2,Yes,No,Bachelor,Approved
52,199917,383,299098,20,0.32,2,No,Yes,PhD,Approved
24,112124,412,275146,21,0.79,0,Yes,No,Bachelor,Rejected
31,111659,631,112524,20,0.8,3,No,No,Master,Rejected
37,184134,677,223306,29,0.35,0,Yes,No,Master,Approved
58,95713,340,24738,38,0.12,2,No,Yes,Master,Approved
44,95418,404,277847,19,0.67,3,No,No,HighSchool,Rejected
25,148232,501,118776,23,0.31,4,Yes,Yes,Bachelor,Rejected
54,185904,749,185494,22,0.72,2,Yes,No,HighSchool,Approved
26,183038,565,197971,6,0.43,2,No,No,Bachelor,Rejected
42,164059,509,299443,8,0.46,1,No,Yes,Bachelor,Rejected
31,188383,417,282785,0,0.71,4,No,Yes,Master,Rejected
68,51575,676,273449,25,0.38,3,Yes,Yes,Bachelor,Rejected
36,83852,850,234334,37,0.43,3,Yes,Yes,Bachelor,Approved
53,152079,839,285926,37,0.37,2,No,Yes,PhD,Approved
29,96242,383,241371,21,0.36,1,Yes,Yes,HighSchool,Rejected
26,198589,753,82963,9,0.5,3,Yes,No,Bachelor,Approved
36,49257,813,126987,5,0.74,1,Yes,Yes,Master,Rejected
49,193279,686,156638,16,0.36,0,No,No,HighSchool,Approved
23,164353,649,129591,37,0.5,3,No,No,Bachelor,Approved
40,81246,595,72766,23,0.62,2,Yes,No,HighSchool,Rejected
56,21435,557,11511,9,0.28,3,Yes,No,Master,Rejected
39,111357,380,119816,7,0.29,3,Yes,No,HighSchool,Approved
46,177732,567,254432,20,0.84,0,Yes,Yes,HighSchool,Approved
23,156156,718,271909,5,0.67,3,Yes,No,Bachelor,Approved
39,164579,534,156426,20,0.54,2,No,No,HighSchool,Rejected
40,103807,610,291073,38,0.6,2,Yes,No,HighSchool,Rejected
52,196611,656,164892,23,0.07,3,Yes,Yes,Bachelor,Approved
27,135953,512,116576,32,0.58,1,No,Yes,Bachelor,Approved
61,158563,348,76088,17,0.48,1,Yes,Yes,Bachelor,Approved
53,143797,426,82525,27,0.51,2,No,Yes,Bachelor,Rejected
60,83888,522,18780,31,0.36,1,Yes,No,Bachelor,Approved
59,93609,578,273733,11,0.12,0,Yes,Yes,Bachelor,Approved
38,29077,707,109188,26,0.21,2,No,No,HighSchool,Rejected
60,40953,804,98326,9,0.86,4,No,Yes,HighSchool,Rejected
21,134682,593,70785,31,0.4,2,Yes,Yes,Master,Approved
31,87889,576,24309,25,0.45,0,No,Yes,Master,Approved
48,174893,737,59195,24,0.09,1,No,Yes,HighSchool,Approved
45,188639,406,30901,10,0.08,5,Yes,No,Bachelor,Rejected
43,135374,719,159648,22,0.66,4,Yes,Yes,Bachelor,Approved
51,44860,728,30464,33,0.51,4,No,No,Bachelor,Rejected
50,172267,674,283404,39,0.48,4,Yes,No,Bachelor,Rejected
62,97475,372,129997,22,0.26,3,No,No,HighSchool,Rejected
55,107266,329,61683,28,0.68,2,No,No,Bachelor,Rejected
27,172499,487,177502,30,0.19,1,No,No,HighSchool,Approved
36,120732,663,161177,6,0.21,1,Yes,No,Bachelor,Approved
46,47083,750,83484,39,0.44,1,Yes,No,Master,Approved
68,77372,494,254819,32,0.29,0,No,Yes,Bachelor,Rejected
69,143786,455,211486,20,0.26,1,Yes,No,HighSchool,Approved
22,195136,471,146449,1,0.6,4,Yes,Yes,PhD,Rejected
21,27813,340,58592,17,0.6,0,Yes,Yes,Master,Rejected
68,51598,362,143419,32,0.75,1,Yes,No,Master,Rejected
32,113106,322,60798,36,0.41,3,No,No,Bachelor,Rejected
25,47082,659,140370,33,0.11,1,Yes,Yes,HighSchool,Rejected
57,49241,374,248767,19,0.28,2,No,Yes,Master,Rejected
52,195641,417,25922,34,0.88,1,Yes,No,Bachelor,Rejected
29,31745,679,297410,17,0.56,2,No,No,Master,Rejected
61,46029,589,231817,23,0.65,3,Yes,Yes,HighSchool,Rejected
55,164097,739,7866,7,0.06,1,No,Yes,HighSchool,Approved
39,143395,306,117669,29,0.49,5,No,No,PhD,Rejected
68,165360,495,273042,9,0.08,5,Yes,Yes,Bachelor,Rejected
36,109186,720,285539,22,0.53,1,No,Yes,HighSchool,Approved
23,157612,492,175091,10,0.83,0,Yes,No,HighSchool,Approved
40,117768,447,271150,1,0.87,1,No,Yes,Bachelor,Rejected
44,61846,501,170465,25,0.51,3,No,No,HighSchool,Rejected
53,95932,743,278100,35,0.44,1,No,No,Bachelor,Approved
44,168554,718,126724,32,0.85,0,No,No,Bachelor,Approved
31,43411,726,67901,12,0.62,3,Yes,Yes,Master,Approved
69,98797,778,205569,39,0.11,2,Yes,No,Bachelor,Approved
28,72307,774,122192,24,0.45,0,Yes,Yes,PhD,Approved
56,154165,425,177646,3,0.25,0,Yes,No,HighSchool,Rejected
58,42042,694,298561,18,0.45,1,No,No,Bachelor,Rejected
60,72930,624,99881,17,0.44,2,Yes,Yes,HighSchool,Rejected
40,195485,691,247934,36,0.54,1,No,Yes,Bachelor,Approved
55,117883,739,137659,29,0.35,0,Yes,Yes,PhD,Approved
68,53756,503,126688,18,0.19,3,Yes,No,Master,Rejected
45,73268,785,120584,22,0.48,0,No,Yes,Bachelor,Approved
55,190286,330,190782,15,0.76,2,Yes,No,Bachelor,Rejected
45,179674,687,227820,0,0.61,1,No,Yes,Master,Approved
49,68901,733,221896,11,0.34,1,Yes,No,Master,Approved
38,119986,675,296576,23,0.85,3,No,No,PhD,Rejected
66,183268,643,184689,33,0.83,2,Yes,No,Bachelor,Approved
38,148386,742,170289,7,0.23,3,Yes,No,PhD,Approved
22,25626,374,288028,17,0.08,3,No,Yes,HighSchool,Rejected
55,158496,454,272598,4,0.68,5,No,Yes,HighSchool,Rejected
36,32857,729,79960,25,0.75,2,Yes,No,HighSchool,Rejected
61,171054,662,107421,29,0.87,0,Yes,No,HighSchool,Approved
56,153052,747,243245,12,0.81,1,Yes,Yes,Master,Approved
53,199362,533,48618,18,0.56,1,Yes,Yes,Master,Approved
24,46431,561,52111,28,0.5,2,No,Yes,Master,Rejected
53,104976,424,221750,2,0.07,3,No,Yes,Bachelor,Rejected
34,102711,544,125592,25,0.26,4,Yes,Yes,Bachelor,Rejected
41,46385,841,239000,39,0.44,0,Yes,Yes,Bachelor,Rejected
68,189230,784,260989,11,0.58,1,No,No,Bachelor,Approved
40,174091,421,133652,1,0.52,2,Yes,Yes,Master,Approved
28,38639,424,83672,10,0.68,2,No,Yes,Bachelor,Rejected
27,105530,848,255351,27,0.29,3,Yes,No,Bachelor,Approved
23,41563,469,222516,17,0.53,1,No,Yes,Bachelor,Rejected
37,190413,423,66602,12,0.12,1,Yes,Yes,Master,Approved
53,135672,334,208117,36,0.4,2,No,Yes,HighSchool,Rejected
68,156848,386,242069,21,0.69,0,Yes,No,Bachelor,Approved
32,187516,500,47222,11,0.64,3,Yes,Yes,Master,Rejected
42,159783,668,246084,1,0.89,3,No,No,Bachelor,Rejected
42,102970,376,247318,36,0.29,3,Yes,Yes,Master,Approved
66,105553,358,70333,6,0.47,3,Yes,No,HighSchool,Rejected
50,181779,730,188804,25,0.33,2,Yes,Yes,Bachelor,Approved
58,190182,799,54420,25,0.42,5,Yes,Yes,Master,Approved
58,102879,408,80504,23,0.78,3,No,Yes,Bachelor,Rejected
65,189899,577,7462,11,0.63,1,No,No,Bachelor,Approved
28,156727,367,276604,15,0.8,4,Yes,Yes,HighSchool,Rejected
47,64859,368,104319,22,0.22,2,No,Yes,HighSchool,Rejected
47,72098,464,261674,39,0.79,2,Yes,No,Bachelor,Rejected
54,166323,788,145347,8,0.1,0,No,No,HighSchool,Approved
41,142413,604,149341,31,0.81,1,Yes,No,Master,Approved
50,20526,664,134593,14,0.33,2,No,Yes,Master,Approved
53,88760,678,127672,36,0.32,1,Yes,No,HighSchool,Approved
48,67837,642,289697,12,0.49,3,Yes,Yes,Bachelor,Rejected
67,31536,653,49036,4,0.85,5,Yes,No,Bachelor,Rejected
53,48541,715,153441,10,0.09,2,Yes,No,HighSchool,Approved
25,99083,408,147867,9,0.35,2,No,Yes,HighSchool,Rejected
68,54531,796,75021,12,0.78,2,Yes,Yes,Bachelor,Approved
39,28712,640,166215,14,0.39,1,No,Yes,Bachelor,Rejected
24,124101,682,241304,6,0.22,1,Yes,Yes,Bachelor,Approved
55,85455,832,10368,39,0.41,3,No,No,Bachelor,Approved
69,94744,599,140693,27,0.38,4,No,No,Master,Rejected
37,149749,438,63829,31,0.83,2,No,No,Master,Rejected
64,25109,658,281863,34,0.7,4,No,Yes,Bachelor,Rejected
48,69268,798,34227,14,0.48,2,No,Yes,Master,Approved
50,74615,684,114430,35,0.89,3,Yes,No,HighSchool,Rejected
49,102503,579,17306,20,0.45,2,No,No,Master,Rejected
66,180831,782,58822,5,0.1,3,Yes,Yes,Bachelor,Approved
26,105708,410,29042,0,0.27,2,Yes,No,Master,Approved
55,122471,438,153459,3,0.42,3,Yes,No,Bachelor,Rejected
61,177661,734,94424,10,0.18,0,No,No,HighSchool,Approved
57,181087,808,187690,25,0.86,2,Yes,Yes,Bachelor,Approved
44,180081,572,228122,36,0.7,2,Yes,No,Bachelor,Approved
49,103309,398,154395,22,0.28,3,Yes,Yes,Bachelor,Approved
69,146446,403,23019,28,0.55,2,No,No,Bachelor,Rejected
66,126661,513,45863,20,0.66,0,Yes,Yes,Master,Approved
51,177215,464,116023,26,0.85,1,Yes,No,Bachelor,Approved
55,26154,819,146355,38,0.8,4,Yes,No,Bachelor,Rejected
53,172876,583,67780,39,0.49,2,No,No,HighSchool,Rejected
41,192760,816,290052,12,0.71,2,No,Yes,PhD,Approved
52,84288,463,197656,22,0.53,1,No,No,Master,Rejected
43,71195,363,174024,15,0.52,2,No,No,Master,Rejected
53,40581,390,105706,29,0.15,1,Yes,Yes,HighSchool,Rejected
23,50087,416,173735,3,0.16,2,No,Yes,Bachelor,Rejected
38,184053,566,127019,39,0.5,1,Yes,No,HighSchool,Rejected
45,89298,439,197453,15,0.28,2,Yes,No,Bachelor,Approved
62,66167,545,184001,30,0.07,1,Yes,No,HighSchool,Rejected
51,194480,694,276487,24,0.66,3,No,No,Bachelor,Rejected
23,59499,786,105260,11,0.08,1,No,No,Bachelor,Approved
60,145816,775,175863,25,0.56,2,Yes,Yes,Bachelor,Approved
66,189631,816,165206,36,0.51,1,No,No,Bachelor,Approved
44,116347,483,183173,32,0.87,0,Yes,Yes,Master,Rejected
52,68787,319,74443,27,0.46,1,Yes,Yes,HighSchool,Rejected
67,55488,823,235183,8,0.1,2,Yes,No,Master,Approved
42,94441,828,140899,11,0.52,0,No,Yes,HighSchool,Approved
43,42431,446,101143,4,0.76,2,No,No,HighSchool,Rejected
22,81681,603,198725,27,0.9,2,Yes,Yes,HighSchool,Rejected
47,142720,527,149771,34,0.42,0,No,Yes,Master,Rejected
62,69153,401,253044,4,0.32,1,Yes,No,Bachelor,Rejected
22,26368,716,141385,33,0.82,2,No,No,Master,Rejected
46,178496,515,149670,33,0.21,0,No,Yes,Bachelor,Approved
37,132360,706,116362,12,0.57,4,Yes,No,HighSchool,Rejected
60,196076,698,251517,38,0.39,4,No,No,Bachelor,Rejected
53,132755,798,295951,13,0.08,1,No,Yes,HighSchool,Approved
29,76985,764,205462,10,0.35,2,Yes,Yes,Master,Approved
63,70069,381,181298,37,0.28,3,No,Yes,HighSchool,Rejected
68,72326,664,64550,3,0.63,4,Yes,No,HighSchool,Rejected
59,128737,462,270702,32,0.86,3,Yes,No,Master,Rejected
49,174470,347,191950,6,0.28,1,Yes,No,PhD,Rejected
62,70861,810,63219,7,0.74,3,Yes,Yes,Bachelor,Approved
46,95897,628,171258,36,0.1,1,No,No,Master,Approved
55,147118,415,169841,9,0.51,1,No,Yes,HighSchool,Approved
45,88577,636,256004,14,0.11,1,No,Yes,Master,Rejected
44,29078,446,262336,37,0.84,3,Yes,Yes,Bachelor,Rejected
33,176075,622,241495,14,0.7,0,Yes,Yes,HighSchool,Rejected
27,82768,742,58218,4,0.61,3,Yes,Yes,HighSchool,Approved
56,71047,312,286373,28,0.75,0,Yes,Yes,HighSchool,Rejected
65,91626,793,32877,18,0.6,2,No,Yes,Bachelor,Approved
40,77660,586,194073,9,0.87,0,No,No,HighSchool,Rejected
21,152997,413,152878,11,0.66,0,Yes,Yes,Bachelor,Rejected
28,137832,779,224707,3,0.84,0,No,No,PhD,Approved
66,150406,321,246249,30,0.49,1,No,No,HighSchool,Rejected
36,145150,648,42034,17,0.15,1,Yes,No,Bachelor,Approved
34,177087,619,176389,15,0.5,3,No,No,Bachelor,Rejected
32,53320,425,193868,39,0.16,1,Yes,No,Master,Rejected
43,84881,576,15589,35,0.55,0,Yes,Yes,Bachelor,Approved
35,110827,503,62221,24,0.46,3,Yes,No,Bachelor,Approved
48,122215,493,260927,22,0.58,2,Yes,No,Bachelor,Rejected
54,177361,846,268801,11,0.06,1,Yes,No,HighSchool,Approved
22,154461,585,122229,33,0.22,1,Yes,Yes,HighSchool,Approved
52,176755,356,57227,35,0.47,3,Yes,No,Bachelor,Approved
43,164701,602,270308,36,0.86,3,No,No,HighSchool,Rejected
42,81550,462,98078,2,0.38,1,No,No,Bachelor,Rejected
45,44826,318,240113,8,0.41,2,No,No,HighSchool,Rejected
42,120734,669,55599,17,0.66,3,Yes,Yes,Bachelor,Rejected
42,177702,563,251367,34,0.56,2,Yes,No,HighSchool,Rejected
69,197235,412,194651,33,0.3,1,Yes,Yes,Master,Rejected
62,118511,787,73207,13,0.4,2,Yes,Yes,Master,Approved
26,31653,626,116426,3,0.24,1,No,No,HighSchool,Rejected
35,179033,841,139794,28,0.87,2,No,No,HighSchool,Approved
63,101941,364,176103,14,0.16,4,No,Yes,Bachelor,Rejected
57,53662,591,215307,27,0.37,1,No,No,HighSchool,Rejected
53,118818,324,26438,15,0.07,0,Yes,No,Bachelor,Approved
28,172360,848,63819,11,0.24,1,Yes,No,HighSchool,Approved
64,115081,300,48856,4,0.71,4,No,Yes,Master,Rejected
64,56877,848,64807,33,0.22,2,Yes,Yes,Master,Approved
25,131562,440,48461,0,0.12,0,Yes,No,Bachelor,Approved
59,166385,487,98474,38,0.45,1,Yes,No,Bachelor,Approved
24,92715,427,287579,31,0.06,0,Yes,Yes,Master,Approved
26,161398,500,220189,25,0.12,3,Yes,Yes,Master,Approved
65,130091,426,259730,16,0.74,1,No,Yes,PhD,Approved
52,152632,556,251732,26,0.71,2,No,Yes,HighSchool,Rejected
50,99148,846,167793,23,0.83,2,Yes,Yes,HighSchool,Approved
67,103186,493,59786,34,0.78,3,Yes,Yes,Bachelor,Rejected
55,177817,403,280848,38,0.63,2,No,Yes,Bachelor,Rejected
60,182962,834,61635,25,0.09,1,Yes,No,HighSchool,Approved
36,171094,564,245909,37,0.72,4,Yes,Yes,HighSchool,Rejected
33,143629,683,250984,22,0.77,2,Yes,Yes,Master,Approved
62,90316,559,117752,21,0.73,2,Yes,No,Master,Rejected
50,48380,713,216194,3,0.48,1,No,No,Bachelor,Rejected
39,130198,657,233584,8,0.25,4,No,No,Master,Rejected
37,22356,374,137886,3,0.77,1,Yes,Yes,Bachelor,Rejected
39,90326,654,83537,6,0.67,3,Yes,Yes,Master,Approved
48,112447,487,152580,22,0.88,2,Yes,No,Bachelor,Approved
46,134994,589,90166,1,0.18,1,Yes,No,HighSchool,Rejected
57,40049,344,214988,23,0.24,1,No,No,Bachelor,Rejected
46,125361,382,199840,39,0.23,0,No,Yes,Bachelor,Approved
43,36082,422,39785,30,0.72,1,Yes,No,Bachelor,Rejected
29,20661,657,168052,30,0.21,1,No,Yes,HighSchool,Rejected
32,188484,827,236791,39,0.11,1,No,Yes,PhD,Approved
21,22920,365,71253,33,0.9,3,No,Yes,HighSchool,Rejected
21,99561,674,96128,23,0.07,2,Yes,Yes,HighSchool,Approved
67,28946,461,166081,25,0.76,3,Yes,No,Bachelor,Rejected
54,196572,679,115966,15,0.36,0,No,No,Bachelor,Approved
52,36309,657,142854,12,0.77,1,Yes,No,Bachelor,Rejected
68,75230,487,104352,14,0.52,1,No,Yes,Master,Rejected
45,131822,621,144379,26,0.82,5,No,No,Bachelor,Rejected
60,181099,749,228279,3,0.84,5,No,Yes,Bachelor,Rejected
65,132340,773,242281,15,0.06,3,Yes,Yes,Bachelor,Approved
21,79321,312,113297,29,0.11,3,No,Yes,HighSchool,Rejected
36,152028,483,211946,29,0.26,2,Yes,No,Bachelor,Approved
59,94131,410,43346,35,0.62,2,No,Yes,Master,Approved
25,198980,807,117138,2,0.81,2,Yes,Yes,HighSchool,Approved
42,45963,589,45149,21,0.44,0,Yes,No,Bachelor,Rejected
49,121757,594,163598,21,0.57,2,No,No,Master,Rejected
23,190515,750,133447,11,0.21,1,Yes,No,Bachelor,Approved
32,119259,514,10695,20,0.73,2,Yes,Yes,Bachelor,Approved
46,59063,326,44169,3,0.87,2,No,Yes,PhD,Rejected
36,134225,530,183296,30,0.28,4,Yes,No,HighSchool,Rejected
57,136400,620,161625,30,0.47,4,No,Yes,HighSchool,Rejected
42,100818,532,191098,22,0.12,2,Yes,Yes,Master,Approved
49,24703,736,197994,19,0.53,2,No,No,Master,Rejected
34,92099,832,6881,14,0.48,4,No,No,Bachelor,Approved
48,176921,702,84211,22,0.17,2,Yes,No,Bachelor,Approved
25,182932,352,161078,27,0.43,4,Yes,No,Master,Rejected
67,51585,612,232203,15,0.33,0,No,No,Bachelor,Rejected
69,173087,580,200558,36,0.49,0,Yes,No,HighSchool,Approved
50,63585,330,141949,20,0.55,2,Yes,No,HighSchool,Rejected
66,46958,636,44553,14,0.06,2,No,No,Bachelor,Rejected
25,46017,482,140758,16,0.7,3,Yes,Yes,Master,Rejected
32,144677,322,37766,36,0.66,3,Yes,Yes,Master,Approved
36,196422,843,299150,12,0.36,4,No,Yes,PhD,Approved
46,163273,745,36422,18,0.09,1,Yes,Yes,Master,Approved
46,49426,373,279349,29,0.69,2,Yes,Yes,Bachelor,Rejected
68,37778,309,159599,17,0.86,1,Yes,Yes,Bachelor,Rejected
41,196313,783,247555,13,0.25,1,No,Yes,Master,Approved
59,62229,755,33202,35,0.32,5,No,Yes,Bachelor,Approved
56,106652,459,218456,35,0.21,1,No,Yes,Bachelor,Rejected
53,148267,313,25855,19,0.54,3,Yes,Yes,HighSchool,Approved
50,199436,477,196444,18,0.18,1,Yes,Yes,Master,Approved
57,146503,711,292239,6,0.35,0,Yes,No,Bachelor,Approved
43,104878,352,108119,3,0.64,1,Yes,Yes,Bachelor,Rejected
30,77056,707,57003,33,0.53,0,No,No,Bachelor,Approved
25,178562,321,99837,1,0.38,1,Yes,Yes,Bachelor,Rejected
56,39975,329,228068,4,0.41,3,Yes,No,HighSchool,Rejected
54,177795,559,128805,9,0.53,2,Yes,Yes,Master,Rejected
51,174351,504,290071,31,0.05,1,No,No,HighSchool,Approved
30,162633,358,120657,12,0.12,3,No,Yes,HighSchool,Approved
39,108397,770,109428,38,0.8,3,No,No,Bachelor,Approved
52,53142,765,127035,4,0.12,0,No,Yes,Bachelor,Rejected
21,46916,311,235780,9,0.65,2,Yes,No,PhD,Rejected
25,84324,589,222282,9,0.83,1,Yes,Yes,Master,Approved
65,196037,653,74518,37,0.28,2,Yes,No,Master,Approved
24,145932,374,181355,26,0.36,0,No,No,HighSchool,Approved
36,155720,740,148277,20,0.53,3,No,No,HighSchool,Rejected
44,186205,540,125243,7,0.8,2,Yes,No,Bachelor,Rejected
36,116059,453,279892,0,0.85,4,No,No,HighSchool,Rejected
22,118317,395,58311,27,0.68,1,No,No,Master,Rejected
69,55046,593,27692,38,0.12,4,No,No,Bachelor,Rejected
48,198136,508,129954,13,0.62,1,No,No,PhD,Rejected
52,121459,642,159934,20,0.4,1,No,Yes,HighSchool,Rejected
47,65893,387,226468,29,0.45,0,Yes,Yes,Bachelor,Rejected
40,121520,689,85152,20,0.09,4,No,Yes,Bachelor,Approved
44,145818,624,9926,8,0.21,4,No,No,HighSchool,Rejected
32,81272,456,8969,16,0.72,2,Yes,No,Bachelor,Approved
55,87649,436,40733,4,0.44,2,No,Yes,Bachelor,Approved
53,84674,727,46743,30,0.31,2,No,Yes,Bachelor,Approved
53,164832,751,135193,39,0.38,2,Yes,No,Bachelor,Approved
63,172999,440,175948,37,0.78,4,No,No,HighSchool,Rejected
57,106475,382,25323,18,0.69,0,Yes,Yes,Bachelor,Rejected
32,81367,476,283572,35,0.28,4,No,No,HighSchool,Rejected
23,163660,497,39578,32,0.15,1,No,Yes,HighSchool,Approved
21,141750,720,91486,12,0.26,1,Yes,No,HighSchool,Approved
53,138154,700,262450,13,0.83,2,Yes,Yes,HighSchool,Approved
60,64738,770,112325,32,0.54,3,No,Yes,Bachelor,Approved
30,53397,517,273508,28,0.5,2,Yes,No,HighSchool,Rejected
63,102189,474,136763,35,0.56,7,Yes,Yes,Bachelor,Rejected
64,96367,322,262971,9,0.36,5,Yes,No,Bachelor,Rejected
49,140585,534,100598,30,0.74,2,Yes,No,Bachelor,Rejected
33,96619,312,202539,5,0.49,3,Yes,No,Master,Rejected
32,131453,400,181968,0,0.15,2,No,No,Bachelor,Rejected
51,39816,835,62062,6,0.16,2,No,No,Bachelor,Approved
66,193312,822,233338,26,0.51,2,No,Yes,Master,Approved
22,157348,751,215834,20,0.85,2,No,No,Bachelor,Rejected
55,99530,730,149933,27,0.31,2,Yes,No,Bachelor,Approved
43,174571,832,232909,15,0.79,1,Yes,Yes,Bachelor,Approved
37,128856,592,93302,22,0.7,0,Yes,No,Bachelor,Rejected
46,91635,400,68928,19,0.26,5,No,Yes,Master,Rejected
28,127803,801,219303,37,0.08,5,No,No,HighSchool,Approved
49,55946,603,46347,24,0.14,1,No,Yes,HighSchool,Rejected
46,75204,839,8121,27,0.67,2,No,No,HighSchool,Approved
30,35563,654,88793,4,0.22,0,No,No,Bachelor,Rejected
46,112324,602,33164,20,0.37,1,Yes,No,HighSchool,Rejected
54,29847,795,292635,17,0.48,2,Yes,No,Bachelor,Rejected
61,46155,526,64222,5,0.67,0,Yes,No,Master,Rejected
27,99671,535,159237,28,0.15,2,Yes,Yes,Master,Approved
24,136891,754,8748,18,0.4,4,No,Yes,Bachelor,Rejected
65,103310,312,31553,32,0.46,3,Yes,No,PhD,Rejected
31,169381,509,121547,0,0.51,3,No,Yes,Bachelor,Rejected
49,151691,696,65380,2,0.75,5,No,No,Bachelor,Rejected
56,54707,399,49331,20,0.2,3,Yes,No,Master,Approved
45,171409,330,232105,34,0.74,6,Yes,No,Bachelor,Rejected
41,101537,827,125617,39,0.64,1,Yes,Yes,Bachelor,Approved
56,198686,628,80910,2,0.52,4,Yes,No,HighSchool,Rejected
30,111155,465,212288,24,0.64,0,No,Yes,Bachelor,Rejected
57,20281,758,15068,37,0.4,2,Yes,No,Master,Approved
29,178492,399,59460,19,0.17,4,No,No,Bachelor,Rejected
44,190102,472,51418,33,0.62,2,No,Yes,Bachelor,Approved
55,152130,461,293350,20,0.5,3,No,No,Bachelor,Rejected
69,96260,562,133180,22,0.59,0,No,Yes,Master,Rejected
55,179476,573,267431,5,0.34,0,Yes,No,HighSchool,Approved
68,180928,302,27337,12,0.82,2,Yes,No,Bachelor,Approved
56,160272,327,156738,22,0.55,5,Yes,No,HighSchool,Rejected
38,84178,625,252667,8,0.12,1,Yes,Yes,Bachelor,Approved
69,53997,448,137233,16,0.43,1,No,No,Bachelor,Rejected
59,176683,839,103064,1,0.69,2,No,Yes,HighSchool,Approved
52,139273,787,251686,18,0.73,2,Yes,No,Bachelor,Approved
44,192307,737,8178,18,0.47,1,Yes,No,Bachelor,Approved
43,186129,364,36831,6,0.81,0,Yes,Yes,HighSchool,Approved
52,152311,655,138248,19,0.28,3,No,No,Bachelor,Approved
57,146945,832,108306,8,0.4,1,No,No,HighSchool,Approved
32,65272,551,169726,16,0.81,1,No,Yes,Bachelor,Rejected
69,109393,534,259292,26,0.81,1,No,Yes,Bachelor,Rejected
33,81212,526,188622,1,0.63,2,Yes,Yes,Bachelor,Rejected
43,166470,824,180982,35,0.78,2,Yes,No,Master,Approved
45,140030,612,95417,18,0.13,2,Yes,Yes,Bachelor,Approved
55,76503,348,194323,16,0.79,0,Yes,Yes,HighSchool,Rejected
61,157710,417,16984,4,0.32,3,No,No,Master,Rejected
50,26570,353,94312,38,0.2,4,No,Yes,Bachelor,Rejected
37,88785,343,197458,17,0.25,1,No,Yes,HighSchool,Approved
69,29110,352,88291,6,0.41,5,Yes,No,Master,Rejected
40,99141,824,274279,16,0.26,2,Yes,Yes,HighSchool,Approved
68,32115,401,5320,38,0.32,1,Yes,No,Bachelor,Approved
45,59062,697,157756,35,0.16,3,Yes,Yes,Bachelor,Rejected
42,42911,437,231921,39,0.3,2,No,Yes,Bachelor,Rejected
33,124061,686,184971,3,0.54,1,Yes,No,Master,Approved
39,52556,410,260083,37,0.43,2,No,Yes,Bachelor,Rejected
69,148335,316,114863,24,0.34,1,No,No,HighSchool,Approved
56,21969,481,46777,4,0.68,4,Yes,Yes,Master,Rejected
32,63753,835,51250,29,0.81,3,No,Yes,Master,Approved
61,155542,840,185418,11,0.69,3,Yes,No,Bachelor,Approved
39,141863,470,220834,3,0.33,5,No,No,Bachelor,Rejected
32,30225,708,20216,23,0.68,1,No,Yes,HighSchool,Approved
29,143008,677,8009,28,0.18,3,No,Yes,Master,Approved
27,174268,487,165399,8,0.16,3,Yes,Yes,HighSchool,Approved
48,125823,529,150281,3,0.34,5,Yes,No,HighSchool,Rejected
34,33669,418,184515,23,0.74,2,Yes,No,Bachelor,Rejected
51,188452,455,20029,13,0.26,0,Yes,Yes,HighSchool,Approved
39,144398,764,215515,4,0.1,2,No,Yes,HighSchool,Approved
67,130677,403,193069,17,0.16,4,No,Yes,Bachelor,Rejected
36,68320,801,119456,18,0.78,1,Yes,No,HighSchool,Approved
25,198486,474,247471,11,0.59,4,Yes,Yes,HighSchool,Approved
55,166649,720,38783,17,0.27,2,Yes,No,HighSchool,Approved
32,145354,433,39152,16,0.52,1,Yes,No,HighSchool,Approved
45,108009,690,63741,29,0.5,2,Yes,Yes,Bachelor,Approved
41,48625,800,34092,23,0.61,2,Yes,No,Master,Approved
56,44089,332,153725,10,0.25,2,No,No,Bachelor,Approved
43,56487,354,235636,34,0.78,3,Yes,Yes,Bachelor,Rejected
36,130448,818,176541,22,0.31,4,Yes,Yes,HighSchool,Approved
59,70138,311,259136,16,0.64,2,No,Yes,HighSchool,Rejected
65,193895,827,166050,0,0.06,0,Yes,Yes,HighSchool,Approved
62,188280,672,92592,14,0.37,2,No,Yes,Bachelor,Approved
59,74061,783,48169,31,0.35,2,No,Yes,Bachelor,Approved
34,181731,527,59745,8,0.51,1,No,Yes,Bachelor,Approved
51,121376,606,115168,14,0.11,1,Yes,No,Bachelor,Approved
25,182962,756,118985,27,0.72,1,Yes,Yes,HighSchool,Approved
55,99134,459,272687,23,0.24,1,No,Yes,Master,Approved
43,67055,630,192464,34,0.63,2,No,Yes,Bachelor,Rejected
49,39508,524,26067,21,0.73,1,Yes,Yes,Bachelor,Rejected
63,193359,803,56033,26,0.53,2,Yes,Yes,Bachelor,Approved
31,178056,755,50256,18,0.68,4,Yes,Yes,Bachelor,Approved
38,130169,344,226705,11,0.61,4,Yes,No,Master,Rejected
67,28125,513,244455,19,0.35,2,No,Yes,Master,Rejected
32,56059,358,205417,0,0.74,2,Yes,No,Bachelor,Rejected
29,123409,494,91803,20,0.3,2,Yes,Yes,Bachelor,Approved
30,168159,788,208814,0,0.54,0,No,No,HighSchool,Approved
64,25704,456,123843,9,0.68,1,Yes,No,Master,Rejected
37,131279,525,33992,31,0.37,0,No,No,Bachelor,Rejected
58,178280,711,217603,38,0.31,1,No,Yes,HighSchool,Approved
27,138516,504,53803,21,0.44,1,Yes,Yes,Bachelor,Approved
66,190954,378,199549,17,0.75,3,No,Yes,HighSchool,Rejected
33,176995,423,149282,31,0.84,2,No,Yes,Bachelor,Approved
60,134044,770,31270,26,0.51,2,Yes,Yes,Bachelor,Approved
62,49165,517,249929,27,0.61,3,Yes,Yes,HighSchool,Rejected
29,87203,815,12452,17,0.82,1,Yes,No,HighSchool,Approved
47,24114,403,19859,38,0.13,6,No,No,Master,Rejected
22,56321,692,37083,28,0.25,2,No,No,Master,Approved
25,93297,733,116462,17,0.65,4,Yes,Yes,Master,Approved
49,116652,630,152735,7,0.75,2,No,Yes,Bachelor,Approved
57,119304,442,254737,30,0.78,0,Yes,No,Master,Rejected
58,176498,839,286197,33,0.4,3,No,Yes,Bachelor,Approved
39,37772,577,147157,6,0.13,1,No,Yes,HighSchool,Rejected
28,123754,532,195167,35,0.42,1,Yes,Yes,HighSchool,Approved
68,23712,828,74517,17,0.25,2,No,No,HighSchool,Rejected
65,152439,389,157225,37,0.3,1,No,No,HighSchool,Approved
21,135142,791,141319,8,0.71,3,No,Yes,PhD,Approved
42,111736,498,231453,8,0.11,2,Yes,No,HighSchool,Rejected
37,71924,661,141645,7,0.75,4,No,No,Bachelor,Rejected
27,23726,740,84267,34,0.41,0,No,Yes,Bachelor,Rejected
45,109152,325,143261,17,0.56,2,Yes,Yes,HighSchool,Rejected
65,47723,324,136004,4,0.13,2,Yes,No,Bachelor,Rejected
24,146969,693,58687,13,0.34,2,Yes,No,HighSchool,Approved
56,120494,806,112615,27,0.13,3,No,Yes,Master,Approved
26,160180,600,32564,29,0.87,3,No,Yes,HighSchool,Rejected
51,55643,638,295979,3,0.74,0,Yes,Yes,Bachelor,Rejected
39,182396,566,12697,38,0.44,2,No,No,Bachelor,Rejected
64,123896,760,85165,19,0.24,2,Yes,No,Master,Approved
59,159999,755,209994,24,0.84,3,No,Yes,Master,Approved
47,113680,659,62823,27,0.34,3,Yes,Yes,Bachelor,Approved
30,116546,367,14615,11,0.19,1,Yes,Yes,Bachelor,Approved
46,173515,711,81436,1,0.53,1,Yes,Yes,Bachelor,Approved
39,99973,790,196591,13,0.85,2,Yes,No,Master,Approved
59,83449,348,39782,21,0.05,1,No,Yes,Master,Approved
23,129834,401,83533,30,0.25,2,No,Yes,HighSchool,Approved
65,45537,515,245011,22,0.85,5,Yes,No,Bachelor,Rejected
33,97576,737,194327,19,0.2,4,Yes,Yes,Master,Approved
48,127522,458,77684,37,0.15,3,Yes,No,Bachelor,Approved
40,42612,788,262165,3,0.53,4,No,No,HighSchool,Rejected
48,26471,541,220356,14,0.78,0,No,No,Bachelor,Rejected
28,186703,304,221621,23,0.46,0,Yes,Yes,Bachelor,Approved
61,51348,660,240295,24,0.9,0,No,No,PhD,Rejected
59,21177,758,256435,0,0.63,1,Yes,Yes,Bachelor,Rejected
21,155832,547,262424,6,0.11,2,No,No,HighSchool,Approved
23,52779,721,273782,30,0.89,1,No,No,HighSchool,Rejected
33,41636,314,38377,11,0.4,1,No,No,HighSchool,Rejected
48,101889,421,111244,4,0.29,0,No,Yes,Bachelor,Approved
69,73551,576,179188,37,0.52,3,No,Yes,Bachelor,Rejected
45,162628,752,218363,11,0.31,3,No,No,HighSchool,Approved
53,178670,689,28382,38,0.12,2,No,Yes,Bachelor,Approved
58,162635,593,251375,17,0.05,2,Yes,No,Bachelor,Approved
26,66819,745,192135,1,0.43,1,Yes,No,HighSchool,Rejected
64,93770,509,158466,9,0.76,0,Yes,No,HighSchool,Approved
65,178038,601,239318,14,0.54,1,No,No,PhD,Rejected
52,178059,522,136936,29,0.9,0,Yes,Yes,Bachelor,Approved
65,98714,302,128664,16,0.29,4,Yes,No,Master,Rejected
67,44596,817,157027,3,0.29,2,Yes,Yes,Bachelor,Approved
41,184246,392,108533,6,0.19,1,Yes,No,Master,Approved
36,84106,819,252997,30,0.19,5,No,No,Master,Approved
41,79182,727,74590,38,0.29,1,No,No,Bachelor,Approved
31,107163,792,249936,33,0.72,2,No,No,Master,Approved
57,59310,534,53924,5,0.82,3,No,No,Master,Rejected
56,76088,460,14726,37,0.88,1,No,Yes,Bachelor,Rejected
55,148803,630,196896,33,0.25,1,Yes,Yes,HighSchool,Approved
39,159978,632,45542,14,0.8,2,Yes,No,Bachelor,Approved
40,56914,349,39753,13,0.33,1,No,Yes,Master,Rejected
38,130350,822,288460,5,0.15,1,Yes,Yes,Bachelor,Approved
67,65379,791,238979,36,0.79,2,Yes,No,HighSchool,Rejected
61,188722,571,89698,31,0.59,0,No,No,HighSchool,Approved
69,197953,551,283104,2,0.19,3,Yes,No,Bachelor,Rejected
34,66413,389,35791,2,0.42,1,Yes,No,HighSchool,Rejected
35,157084,745,292360,21,0.29,1,Yes,Yes,Bachelor,Approved
51,27151,631,78290,21,0.68,1,Yes,Yes,Bachelor,Rejected
21,77716,438,52014,9,0.44,3,Yes,Yes,Bachelor,Rejected
23,113747,656,140150,2,0.89,3,Yes,Yes,HighSchool,Approved
36,187450,573,55519,11,0.1,1,No,No,HighSchool,Rejected
43,193724,318,271186,28,0.35,2,No,No,HighSchool,Rejected
31,164539,610,54052,16,0.46,2,Yes,No,HighSchool,Approved
32,182082,453,19389,6,0.48,2,No,No,Bachelor,Rejected
30,141999,689,73111,12,0.32,1,Yes,Yes,Bachelor,Approved
52,134793,559,162753,1,0.67,2,Yes,Yes,HighSchool,Approved
36,128177,424,94524,3,0.79,2,Yes,No,HighSchool,Rejected
28,32289,653,291848,9,0.85,0,No,Yes,HighSchool,Rejected
58,196048,572,99913,38,0.73,3,Yes,Yes,PhD,Approved
32,194668,544,99108,23,0.77,1,No,No,Bachelor,Rejected
44,174243,749,259803,16,0.52,4,No,Yes,Master,Approved
48,106365,546,274637,5,0.75,3,Yes,No,Master,Rejected
28,134014,819,74639,18,0.31,4,No,Yes,Bachelor,Approved
48,195211,440,236452,4,0.39,3,No,Yes,Bachelor,Approved
56,199785,661,139066,31,0.32,0,Yes,No,HighSchool,Approved
46,180806,307,205352,9,0.45,2,Yes,No,Bachelor,Approved
28,92588,777,133674,8,0.29,2,No,No,HighSchool,Approved
48,83646,651,10594,26,0.87,1,No,Yes,Master,Rejected
48,23654,794,241907,12,0.32,1,Yes,No,HighSchool,Approved
57,38743,726,274515,18,0.13,1,Yes,Yes,Master,Approved
61,68368,338,52315,20,0.5,4,Yes,No,HighSchool,Rejected
56,157513,486,219636,23,0.1,1,Yes,Yes,Master,Approved
47,139735,392,132251,37,0.14,2,Yes,No,HighSchool,Approved
37,175683,385,237520,3,0.24,0,No,No,Bachelor,Approved
29,139891,343,84526,23,0.44,1,No,Yes,Bachelor,Approved
53,127971,436,248459,34,0.42,4,Yes,Yes,Bachelor,Rejected
40,32149,720,152698,2,0.73,0,No,No,Bachelor,Rejected
33,120102,373,242330,3,0.68,2,No,Yes,Master,Rejected
48,79189,847,110573,36,0.41,0,Yes,No,HighSchool,Approved
68,172747,811,142900,39,0.33,3,Yes,Yes,Master,Approved
49,91031,455,240707,34,0.32,2,Yes,Yes,Bachelor,Rejected
33,62668,554,188736,30,0.71,2,No,No,Master,Rejected
66,164745,470,153955,24,0.09,2,Yes,No,Bachelor,Approved
55,108204,469,179131,39,0.06,1,No,Yes,Bachelor,Approved
26,174741,621,179004,12,0.73,2,Yes,Yes,Master,Approved
38,185140,755,269179,3,0.46,2,Yes,Yes,Bachelor,Approved
25,160507,454,114767,13,0.16,3,Yes,Yes,Bachelor,Approved
67,57384,648,22241,12,0.25,3,Yes,No,HighSchool,Approved
45,101929,750,57975,26,0.84,1,No,No,HighSchool,Approved
22,147959,472,159226,5,0.78,3,No,Yes,Bachelor,Rejected
30,96153,309,61396,16,0.65,3,Yes,No,Bachelor,Approved
50,95388,564,123920,35,0.46,4,No,Yes,Bachelor,Rejected
65,51401,737,199999,39,0.49,0,No,Yes,HighSchool,Approved
25,139503,546,91226,34,0.88,1,Yes,Yes,Bachelor,Approved
53,147834,845,89719,16,0.87,0,No,No,Bachelor,Approved
21,54084,798,68014,1,0.23,1,Yes,Yes,Bachelor,Approved
38,130641,428,44346,12,0.74,0,No,No,Master,Approved
52,125111,626,75411,1,0.22,2,Yes,No,Master,Approved
67,187523,703,190550,27,0.23,5,No,Yes,HighSchool,Approved
69,158299,658,148326,25,0.62,0,Yes,No,Master,Rejected
31,182982,316,191806,21,0.39,6,No,Yes,Bachelor,Rejected
41,56041,573,51121,2,0.84,0,No,Yes,Bachelor,Rejected
46,108920,415,217490,34,0.13,4,Yes,No,HighSchool,Rejected
45,85681,390,89577,11,0.48,2,Yes,Yes,Bachelor,Approved
42,101571,381,254106,23,0.83,3,Yes,No,HighSchool,Rejected
47,147556,623,140909,4,0.82,1,No,No,Bachelor,Rejected
69,46160,413,6466,19,0.18,4,Yes,No,HighSchool,Rejected
33,37633,357,297915,38,0.36,2,No,Yes,HighSchool,Rejected
53,37014,453,234638,38,0.58,1,Yes,No,HighSchool,Rejected
54,100532,703,93422,12,0.19,0,Yes,Yes,HighSchool,Approved
61,69104,565,269037,11,0.87,3,Yes,Yes,HighSchool,Rejected
55,192693,614,297717,12,0.83,4,Yes,No,Bachelor,Approved
21,97231,340,101907,9,0.19,2,No,No,HighSchool,Approved
41,88388,404,213434,32,0.15,4,No,Yes,Bachelor,Rejected
68,36014,492,223532,39,0.12,3,Yes,No,HighSchool,Rejected
26,112578,700,263093,15,0.82,2,Yes,No,Master,Approved
48,184827,577,157271,34,0.21,5,Yes,No,Master,Rejected
37,60390,653,210400,2,0.4,1,No,Yes,HighSchool,Rejected
25,43711,555,172477,4,0.43,2,Yes,No,Bachelor,Rejected
51,111658,398,234304,25,0.56,2,No,Yes,HighSchool,Approved
25,77993,581,20989,10,0.11,1,No,Yes,Master,Approved
58,178285,702,296075,6,0.24,0,Yes,No,Bachelor,Approved
23,27421,408,276434,9,0.84,3,No,No,HighSchool,Rejected
43,37727,498,126136,33,0.82,3,Yes,Yes,HighSchool,Rejected
57,132418,602,212370,2,0.71,3,Yes,Yes,HighSchool,Approved
57,24358,626,131299,7,0.07,2,Yes,No,Bachelor,Rejected
30,85108,453,166205,30,0.33,3,Yes,Yes,Bachelor,Approved
30,114018,704,248688,10,0.58,3,Yes,No,Bachelor,Rejected
39,144457,761,110686,6,0.28,0,Yes,Yes,Bachelor,Approved
37,183189,431,87666,1,0.82,1,Yes,No,HighSchool,Rejected
41,51910,383,193728,5,0.59,4,Yes,Yes,HighSchool,Rejected
34,146888,698,140705,31,0.11,1,No,No,HighSchool,Approved
29,75754,408,112573,19,0.82,2,No,No,Master,Approved
66,129847,520,233892,33,0.86,3,Yes,Yes,HighSchool,Approved
21,180443,667,274152,15,0.12,1,Yes,No,Bachelor,Approved
65,58467,446,163477,24,0.5,1,Yes,Yes,HighSchool,Rejected
33,168697,411,253141,11,0.31,4,No,Yes,HighSchool,Rejected
24,53893,793,95909,6,0.38,5,No,Yes,Bachelor,Rejected
21,96329,804,156899,38,0.2,1,Yes,Yes,Bachelor,Approved
69,51007,774,65354,16,0.54,1,Yes,No,Bachelor,Approved
60,190604,570,23157,10,0.86,5,Yes,Yes,Bachelor,Rejected
52,74253,720,40315,5,0.48,0,Yes,Yes,Bachelor,Approved
54,32323,666,150486,22,0.12,2,No,Yes,HighSchool,Rejected
48,131335,579,263669,26,0.58,1,No,No,Bachelor,Rejected
51,132356,582,137018,5,0.34,2,Yes,Yes,Bachelor,Approved
28,130944,339,281837,37,0.78,2,Yes,No,HighSchool,Rejected
59,165282,488,294385,1,0.42,1,Yes,No,Bachelor,Rejected
46,36456,463,100790,21,0.21,3,Yes,Yes,HighSchool,Rejected
54,51367,835,77255,19,0.21,3,No,No,HighSchool,Approved
23,74624,835,200829,24,0.7,3,Yes,Yes,Bachelor,Approved
32,161178,303,177275,14,0.28,1,Yes,No,Master,Approved
21,88008,589,197933,28,0.7,0,Yes,No,Master,Rejected
64,145926,732,266439,7,0.23,2,No,Yes,HighSchool,Approved
25,135395,770,16350,36,0.32,1,No,No,Bachelor,Approved
50,136492,480,191584,32,0.45,4,Yes,Yes,Bachelor,Rejected
50,92240,547,106894,21,0.85,4,Yes,No,HighSchool,Rejected
37,84315,578,36728,4,0.84,1,Yes,Yes,Master,Rejected
68,30756,553,284720,38,0.23,0,No,Yes,Bachelor,Rejected
67,56378,480,88384,17,0.35,2,Yes,Yes,Master,Approved
43,155327,808,5390,37,0.18,2,Yes,Yes,HighSchool,Approved
35,165556,625,16569,36,0.48,4,Yes,No,HighSchool,Rejected
57,145703,656,27490,29,0.44,1,No,Yes,Master,Rejected
41,76549,690,273011,30,0.82,1,Yes,Yes,Bachelor,Rejected
34,185575,384,85820,9,0.84,2,Yes,Yes,Master,Approved
22,93794,616,276265,14,0.38,6,No,Yes,HighSchool,Rejected
31,65113,511,6539,17,0.47,1,No,No,Bachelor,Rejected
59,94069,814,68965,22,0.81,0,No,Yes,Bachelor,Approved
58,156321,683,102799,32,0.74,1,No,No,HighSchool,Approved
54,170273,641,98948,15,0.05,1,Yes,Yes,Bachelor,Approved
58,145541,337,148314,37,0.32,0,Yes,Yes,Bachelor,Approved
54,29686,810,253099,34,0.41,1,No,Yes,HighSchool,Rejected
38,73363,719,276091,33,0.25,1,Yes,Yes,HighSchool,Approved
50,117543,468,248322,27,0.22,4,No,Yes,Bachelor,Rejected
35,151733,642,207538,1,0.08,6,No,Yes,Bachelor,Rejected
47,195915,605,239778,29,0.6,1,Yes,No,Master,Rejected
54,115673,841,260821,12,0.27,1,Yes,No,HighSchool,Approved
58,62828,836,197888,15,0.09,1,No,Yes,HighSchool,Approved
53,68604,411,267651,4,0.25,2,No,Yes,PhD,Rejected
44,30526,710,163223,27,0.73,0,No,Yes,Master,Rejected
35,88910,505,16618,38,0.77,5,Yes,No,HighSchool,Rejected
50,45592,484,283266,19,0.46,2,Yes,Yes,Master,Rejected
62,48982,681,143426,23,0.4,2,Yes,No,HighSchool,Approved
37,20207,795,91436,26,0.88,1,Yes,No,HighSchool,Rejected
25,108733,678,215448,29,0.22,1,Yes,No,HighSchool,Approved
49,144982,346,141109,26,0.23,1,No,No,HighSchool,Rejected
24,88619,850,33633,25,0.3,6,No,No,Master,Rejected
30,180400,827,291639,6,0.2,2,No,Yes,Bachelor,Approved
37,66479,803,217456,37,0.37,1,Yes,No,PhD,Approved
30,171175,321,143442,4,0.82,0,Yes,No,Bachelor,Rejected
37,190963,512,124873,22,0.57,4,No,Yes,Bachelor,Rejected
40,161826,609,76947,27,0.4,0,Yes,Yes,Bachelor,Rejected
44,101437,571,175205,33,0.84,4,Yes,No,PhD,Rejected
25,118540,501,232107,14,0.09,1,Yes,Yes,Bachelor,Approved
54,92982,331,100761,31,0.23,3,No,Yes,Master,Rejected
26,122747,742,33926,25,0.53,2,No,Yes,Master,Approved
22,68231,461,109700,30,0.57,2,Yes,No,HighSchool,Rejected
33,49301,553,54593,18,0.08,3,No,No,Bachelor,Rejected
63,192395,820,10209,8,0.39,1,Yes,Yes,Master,Approved
63,38752,779,131700,28,0.6,1,Yes,Yes,PhD,Approved
68,118452,309,91597,38,0.64,1,No,No,HighSchool,Rejected
31,164467,804,274355,3,0.59,2,No,No,Bachelor,Approved
67,141237,735,14927,2,0.32,1,No,Yes,Bachelor,Approved
43,76273,410,213535,28,0.13,1,No,No,HighSchool,Approved
36,111878,452,122333,10,0.41,1,No,No,Bachelor,Rejected
51,24895,401,160666,32,0.16,3,No,Yes,HighSchool,Rejected
31,139968,490,210924,37,0.86,6,No,Yes,HighSchool,Rejected
36,135700,380,213785,10,0.45,2,No,No,Bachelor,Rejected
28,96559,788,144005,26,0.32,0,No,No,Bachelor,Approved
24,30699,387,108780,32,0.7,0,No,No,Bachelor,Rejected
60,29715,493,45696,20,0.47,3,Yes,Yes,Bachelor,Rejected
24,39169,403,201521,38,0.31,3,No,Yes,HighSchool,Rejected
45,138413,395,162195,30,0.74,4,Yes,Yes,HighSchool,Approved
23,167235,722,55013,37,0.79,2,Yes,Yes,HighSchool,Approved
52,139264,497,221486,1,0.62,0,No,No,HighSchool,Rejected
23,25782,300,244350,26,0.09,2,Yes,Yes,Bachelor,Rejected
47,144481,706,31140,35,0.53,3,Yes,Yes,Master,Approved
49,55585,677,268328,10,0.7,2,No,No,HighSchool,Rejected
52,50682,466,160918,17,0.17,1,Yes,Yes,HighSchool,Rejected
39,198936,808,116361,0,0.24,2,Yes,No,Bachelor,Approved
41,149992,612,158267,34,0.8,2,No,Yes,HighSchool,Approved
25,104416,717,272750,34,0.07,1,Yes,No,PhD,Approved
38,147810,776,21555,30,0.69,1,Yes,No,Bachelor,Approved
48,58067,372,95385,27,0.45,4,Yes,No,HighSchool,Rejected
62,193757,440,260658,38,0.43,2,Yes,Yes,HighSchool,Approved
42,38073,561,162419,0,0.06,4,No,No,Bachelor,Rejected
41,56035,639,234797,24,0.75,1,No,Yes,HighSchool,Rejected
26,110373,607,108844,37,0.36,1,Yes,Yes,HighSchool,Rejected
21,103362,544,96321,19,0.51,3,No,Yes,HighSchool,Rejected
25,110517,814,199923,2,0.63,2,Yes,Yes,Master,Approved
61,85450,636,103234,1,0.65,1,Yes,Yes,Bachelor,Rejected
32,30382,375,232705,17,0.86,1,No,Yes,HighSchool,Rejected
46,155509,474,206283,9,0.5,1,No,No,Bachelor,Rejected
66,81929,408,294987,4,0.39,1,No,No,Bachelor,Rejected
54,118864,482,34793,8,0.86,0,Yes,Yes,Bachelor,Approved
69,163401,491,153929,1,0.6,3,Yes,Yes,HighSchool,Rejected
34,45169,364,24627,33,0.3,4,Yes,Yes,Bachelor,Rejected
46,107468,773,227633,37,0.16,1,Yes,Yes,PhD,Approved
65,54594,399,229440,30,0.77,3,No,Yes,HighSchool,Rejected
47,65033,843,180188,9,0.36,0,Yes,No,HighSchool,Approved
29,83133,427,263191,11,0.61,3,No,No,HighSchool,Rejected
46,93861,751,128099,35,0.45,1,Yes,Yes,HighSchool,Approved
67,51750,668,214074,20,0.22,2,Yes,Yes,Bachelor,Rejected
42,60461,342,178686,5,0.56,3,Yes,No,Master,Rejected
67,98222,718,279864,2,0.1,2,Yes,Yes,Master,Approved
50,132020,787,112449,9,0.4,1,No,Yes,HighSchool,Approved
63,44226,377,107828,4,0.51,1,Yes,Yes,Bachelor,Rejected
68,26721,569,131613,25,0.42,2,Yes,No,Bachelor,Rejected
37,40609,614,77095,20,0.69,1,No,No,Bachelor,Rejected
46,150513,467,110924,25,0.75,2,No,Yes,Bachelor,Rejected
56,124211,638,101452,37,0.71,2,Yes,No,HighSchool,Rejected
21,199967,492,92593,25,0.08,3,Yes,No,Bachelor,Approved
28,156728,752,171964,7,0.22,5,No,Yes,Bachelor,Approved
69,144865,582,131202,4,0.51,2,No,No,Master,Rejected
55,94520,635,82606,14,0.84,2,No,No,Master,Rejected
35,84309,689,128769,15,0.76,1,Yes,No,HighSchool,Approved
67,49984,824,123542,0,0.77,4,No,No,HighSchool,Rejected
42,138947,539,268068,15,0.31,2,Yes,No,Master,Approved
34,25901,782,56322,36,0.42,2,Yes,No,Bachelor,Rejected
46,182624,757,162550,2,0.45,0,No,Yes,Master,Approved
48,51055,388,76042,30,0.18,1,Yes,Yes,HighSchool,Approved
43,188757,394,51418,12,0.08,1,Yes,Yes,Bachelor,Approved
34,165788,751,105699,15,0.85,1,Yes,No,Bachelor,Approved
44,134099,727,95140,20,0.25,2,Yes,Yes,Master,Approved
22,31138,450,16781,1,0.25,3,No,No,HighSchool,Rejected
65,186370,813,102628,26,0.12,3,No,No,HighSchool,Approved
46,43429,675,81946,37,0.84,4,Yes,Yes,Bachelor,Rejected
34,70200,321,90058,25,0.54,3,Yes,No,Master,Rejected
27,199316,612,156542,37,0.62,1,No,Yes,Master,Approved
23,121268,818,275675,24,0.82,3,No,No,PhD,Approved
67,37347,505,47674,10,0.34,1,Yes,Yes,PhD,Approved
43,167992,674,132572,7,0.58,2,No,Yes,HighSchool,Rejected
66,51822,750,230730,7,0.08,0,No,Yes,HighSchool,Approved
63,197731,478,296975,32,0.21,1,Yes,Yes,HighSchool,Approved
67,60108,509,62174,6,0.76,1,Yes,No,HighSchool,Approved
65,148955,799,278423,37,0.7,4,Yes,Yes,Master,Approved
38,27967,763,261008,20,0.35,1,No,No,Master,Rejected
58,130719,423,58051,7,0.37,2,Yes,Yes,HighSchool,Approved
55,31871,412,208085,20,0.5,2,Yes,Yes,Bachelor,Rejected
35,184685,311,70524,19,0.05,1,Yes,Yes,Master,Approved
45,48179,425,273614,7,0.26,3,No,No,Bachelor,Rejected
57,75099,630,236189,30,0.23,4,Yes,Yes,HighSchool,Rejected
48,55262,582,49439,28,0.26,0,No,Yes,Bachelor,Rejected
30,98213,439,281452,8,0.74,2,No,No,Bachelor,Rejected
59,137407,700,96563,14,0.29,2,Yes,Yes,Bachelor,Approved
37,169340,396,232328,29,0.21,5,Yes,No,Bachelor,Rejected
59,106269,816,211314,25,0.48,2,Yes,Yes,HighSchool,Approved
42,80545,368,14837,9,0.79,2,No,Yes,PhD,Rejected
46,59922,417,240207,28,0.26,4,Yes,Yes,Bachelor,Rejected
64,62913,358,123128,15,0.12,1,Yes,No,Bachelor,Rejected
45,117033,332,172896,35,0.35,4,Yes,Yes,PhD,Rejected
37,124792,617,169145,19,0.69,3,Yes,Yes,HighSchool,Rejected
33,197404,349,102624,36,0.52,6,No,Yes,HighSchool,Rejected
40,139863,788,194933,21,0.74,0,No,No,Master,Approved
45,176104,318,35063,6,0.87,3,No,No,HighSchool,Rejected
24,188918,496,74453,22,0.72,1,Yes,No,Master,Approved
30,64936,749,259371,39,0.56,1,Yes,No,HighSchool,Rejected
23,180866,751,107166,28,0.47,2,No,No,HighSchool,Approved
61,48141,588,19506,15,0.08,2,Yes,No,Bachelor,Approved
65,160146,440,230413,37,0.89,1,No,Yes,HighSchool,Approved
38,157478,383,118604,27,0.38,2,Yes,Yes,Master,Approved
67,117359,690,31026,37,0.18,3,Yes,Yes,Bachelor,Approved
56,143279,514,260116,30,0.62,2,No,Yes,Master,Approved
67,174363,825,195285,13,0.29,2,No,Yes,Master,Approved
42,61568,514,55971,32,0.55,4,No,No,HighSchool,Rejected
54,117539,702,118978,8,0.55,1,Yes,No,Master,Approved
67,66851,427,164163,26,0.43,0,Yes,No,Bachelor,Rejected
28,74823,776,108864,23,0.76,3,No,Yes,Bachelor,Rejected
60,43312,703,100386,12,0.28,2,No,No,Master,Approved
69,194180,328,91126,25,0.43,5,No,Yes,Bachelor,Rejected
64,185243,637,167023,28,0.51,3,Yes,No,Bachelor,Rejected
39,192851,660,85863,27,0.61,7,No,Yes,Bachelor,Rejected
62,118723,691,130659,27,0.72,1,No,No,HighSchool,Approved
61,32411,517,195944,7,0.39,4,No,Yes,HighSchool,Rejected
57,77009,501,12235,22,0.6,1,Yes,No,Bachelor,Rejected
26,166494,316,67712,28,0.18,2,Yes,Yes,HighSchool,Approved
46,193540,621,157545,4,0.84,4,No,No,HighSchool,Rejected
54,52371,817,203639,6,0.38,2,No,Yes,HighSchool,Rejected
65,77022,624,242890,35,0.67,0,No,Yes,Bachelor,Rejected
26,91229,711,130849,26,0.07,2,No,Yes,Bachelor,Approved
57,119071,617,260493,1,0.22,2,No,Yes,Master,Rejected
53,116774,381,84823,24,0.46,0,Yes,No,Bachelor,Rejected
42,46715,773,109215,8,0.8,1,Yes,No,Bachelor,Approved
41,47605,767,246071,26,0.5,3,Yes,No,Bachelor,Rejected
26,119853,724,37230,0,0.84,0,Yes,Yes,Bachelor,Approved
26,51174,503,228660,22,0.46,1,Yes,No,Bachelor,Rejected
68,161028,686,184736,9,0.47,1,Yes,Yes,PhD,Approved
24,96373,397,128246,24,0.15,2,Yes,No,Master,Approved
50,89252,644,89817,2,0.73,0,Yes,Yes,Master,Rejected
31,90017,507,243657,5,0.26,0,Yes,No,Master,Rejected
50,83037,813,222033,5,0.81,0,Yes,Yes,Bachelor,Approved
51,109818,465,236414,1,0.82,3,Yes,Yes,Bachelor,Approved
44,26548,321,261812,17,0.85,3,No,No,Bachelor,Rejected
29,136981,453,75219,22,0.49,0,Yes,No,Bachelor,Approved
23,174249,738,175956,1,0.63,2,Yes,No,Master,Approved
51,44022,594,262134,11,0.71,3,No,Yes,Bachelor,Rejected
60,126297,518,26650,21,0.16,5,No,Yes,PhD,Rejected
57,156614,794,175521,36,0.56,3,Yes,Yes,HighSchool,Approved
56,80428,529,175733,19,0.08,1,No,No,Master,Rejected
44,173812,319,296853,38,0.47,3,No,Yes,Bachelor,Rejected
51,79353,447,247037,23,0.18,2,No,No,Bachelor,Rejected
26,133132,407,85428,19,0.21,0,Yes,Yes,HighSchool,Approved
22,36052,702,211251,0,0.36,2,No,No,Master,Rejected
40,120689,782,14943,0,0.42,4,Yes,Yes,Master,Rejected
48,198148,666,179312,16,0.58,3,No,Yes,HighSchool,Approved
31,151743,713,26042,0,0.11,2,No,No,Bachelor,Approved
24,20163,608,257842,29,0.48,3,Yes,Yes,Bachelor,Rejected
35,61424,433,191443,2,0.21,3,No,Yes,PhD,Rejected
26,161706,582,156990,10,0.54,1,Yes,No,Bachelor,Approved
69,155870,372,295523,23,0.59,1,No,Yes,HighSchool,Approved
50,42420,780,219304,21,0.52,5,No,No,Bachelor,Rejected
58,140575,651,149923,25,0.68,2,Yes,No,Bachelor,Approved
22,49300,625,206904,12,0.34,4,No,Yes,HighSchool,Rejected
35,109881,742,192428,0,0.7,4,Yes,Yes,Bachelor,Approved
31,30749,399,150817,23,0.42,2,Yes,Yes,Master,Rejected
28,124131,358,10730,9,0.46,2,No,No,Master,Rejected
46,176193,807,234502,34,0.6,3,Yes,Yes,HighSchool,Approved
65,148563,557,207210,23,0.07,4,No,No,PhD,Rejected
64,57487,712,219183,27,0.61,1,Yes,Yes,Bachelor,Rejected
25,184433,751,24023,35,0.58,2,Yes,Yes,HighSchool,Approved
26,41223,364,131796,15,0.31,1,No,No,HighSchool,Rejected
46,92930,453,289981,39,0.12,6,Yes,Yes,HighSchool,Rejected
24,165128,565,181111,15,0.13,2,No,Yes,Master,Approved
39,48380,378,25923,16,0.83,2,No,Yes,HighSchool,Rejected
40,46035,614,276020,14,0.64,1,No,Yes,HighSchool,Rejected
53,50620,547,199795,15,0.16,4,No,Yes,Master,Rejected
40,170949,713,238462,14,0.35,2,No,No,Bachelor,Approved
69,137360,324,56413,33,0.55,3,Yes,Yes,Master,Approved
32,73352,583,260719,10,0.76,1,No,No,Bachelor,Rejected
67,181983,748,33756,0,0.09,4,Yes,Yes,HighSchool,Approved
21,183856,600,123248,14,0.25,4,Yes,Yes,Master,Approved
46,23191,367,277448,25,0.81,0,No,No,HighSchool,Rejected
34,184232,306,35341,3,0.06,8,No,Yes,Bachelor,Rejected
58,110536,436,132039,4,0.22,3,No,Yes,Bachelor,Approved
57,124576,463,196830,34,0.87,2,No,No,HighSchool,Rejected
31,23631,382,167730,12,0.57,3,No,No,PhD,Rejected
56,157244,719,185074,9,0.27,0,No,Yes,Bachelor,Approved
33,62080,372,239390,10,0.11,2,Yes,No,HighSchool,Rejected
63,110353,536,137447,17,0.07,2,Yes,No,Master,Approved
23,171353,345,104485,33,0.26,1,Yes,No,Bachelor,Approved
53,48671,561,289236,38,0.8,3,No,No,Bachelor,Rejected
26,142811,475,136562,22,0.4,2,Yes,Yes,Bachelor,Approved
30,147734,465,8729,6,0.66,2,Yes,Yes,Master,Approved
25,179674,669,142046,38,0.83,2,Yes,No,HighSchool,Rejected
43,71399,353,123222,2,0.4,3,No,Yes,HighSchool,Rejected
30,174544,718,88860,11,0.21,3,No,No,Bachelor,Approved
64,27099,806,263360,6,0.49,3,Yes,Yes,HighSchool,Rejected
22,176503,640,26398,25,0.82,1,Yes,Yes,Bachelor,Approved
33,76492,426,108889,32,0.73,2,Yes,No,Bachelor,Rejected
60,116722,708,270303,36,0.11,3,Yes,No,HighSchool,Approved
22,198756,666,230959,14,0.64,0,Yes,Yes,HighSchool,Approved
40,50111,570,107834,1,0.54,3,No,Yes,Bachelor,Rejected
21,83936,678,26638,6,0.82,1,No,Yes,Master,Approved
57,173686,372,268217,31,0.15,1,Yes,No,Bachelor,Approved
29,193063,547,220379,3,0.5,0,Yes,Yes,Bachelor,Rejected
37,80920,342,237069,19,0.8,2,Yes,No,HighSchool,Rejected
29,83530,676,34320,35,0.4,3,Yes,No,Bachelor,Approved
31,187296,340,39924,31,0.46,2,Yes,No,HighSchool,Rejected
35,27788,469,217792,27,0.11,4,Yes,Yes,Bachelor,Rejected
44,48082,511,176097,12,0.29,1,Yes,No,Bachelor,Rejected
58,143287,792,7159,0,0.33,2,No,Yes,Master,Approved
55,109570,338,53940,34,0.85,1,No,No,Bachelor,Rejected
50,121015,668,84436,29,0.29,2,No,Yes,Master,Approved
51,103588,450,19678,35,0.44,4,Yes,Yes,Bachelor,Rejected
69,167603,410,197147,24,0.62,0,No,No,Master,Rejected
25,108340,779,142844,15,0.19,3,No,No,Bachelor,Approved
64,114439,735,72163,18,0.46,1,Yes,Yes,HighSchool,Approved
34,195929,346,246040,0,0.68,2,Yes,Yes,Master,Rejected
31,161214,665,209827,4,0.79,1,Yes,No,HighSchool,Rejected
29,135053,368,159536,21,0.58,2,Yes,No,HighSchool,Approved
54,68355,598,56137,23,0.62,3,Yes,Yes,HighSchool,Rejected
32,160938,595,105485,36,0.16,3,No,Yes,Master,Approved
55,145426,502,245970,35,0.85,1,Yes,No,HighSchool,Approved
55,84027,360,110468,35,0.16,1,Yes,Yes,Master,Approved
21,179210,613,5901,3,0.71,3,Yes,No,Bachelor,Rejected
60,112601,460,92980,35,0.28,5,No,No,HighSchool,Approved
42,49956,630,270025,17,0.84,1,Yes,No,Bachelor,Rejected
49,124797,827,297007,15,0.66,3,No,No,HighSchool,Approved
28,144917,637,247434,17,0.69,1,Yes,Yes,Bachelor,Approved
31,146303,603,207258,21,0.24,1,Yes,No,Bachelor,Approved
61,156511,802,256839,1,0.43,2,No,No,Bachelor,Approved
57,198313,637,77572,20,0.58,0,Yes,Yes,HighSchool,Approved
34,62533,849,44255,35,0.7,2,Yes,Yes,Bachelor,Approved
50,179342,574,68212,38,0.14,2,Yes,No,Master,Approved
55,98815,463,27499,38,0.87,1,No,No,Bachelor,Approved
41,59279,742,107552,28,0.81,4,No,No,Master,Rejected
57,129787,618,66360,25,0.28,5,Yes,No,HighSchool,Rejected
25,174960,803,148704,20,0.75,2,No,No,Master,Rejected
39,168702,686,166679,16,0.49,1,Yes,No,HighSchool,Approved
34,81063,793,96873,15,0.44,2,No,Yes,HighSchool,Approved
46,147896,789,70756,30,0.32,3,Yes,Yes,Master,Approved
24,186216,372,199454,8,0.54,0,No,No,Master,Rejected
45,117661,808,32464,30,0.67,1,No,Yes,Bachelor,Approved
65,158051,689,126897,13,0.4,5,No,Yes,HighSchool,Rejected
62,177261,594,88791,36,0.58,3,Yes,No,HighSchool,Approved
45,193672,668,160371,1,0.64,0,No,Yes,Bachelor,Approved
38,143257,848,184047,13,0.65,4,Yes,Yes,Master,Approved
60,106205,486,137534,32,0.09,2,No,No,HighSchool,Approved
28,26910,744,86441,34,0.78,2,Yes,No,Master,Approved
59,66857,662,242612,38,0.44,1,Yes,No,HighSchool,Rejected
60,54964,422,236444,19,0.27,4,Yes,Yes,Master,Rejected
34,176299,487,281319,1,0.26,1,Yes,No,Master,Rejected
52,157050,719,142263,18,0.46,1,No,Yes,Bachelor,Approved
58,37153,551,89518,36,0.8,3,No,No,Bachelor,Rejected
53,79765,848,216230,17,0.37,2,No,No,Master,Rejected
43,128212,634,52645,15,0.69,2,No,No,Bachelor,Rejected
35,59071,391,244608,3,0.13,1,No,No,Bachelor,Rejected
53,132990,829,28283,11,0.45,2,Yes,Yes,Bachelor,Approved
45,89519,362,195195,28,0.89,2,Yes,Yes,HighSchool,Rejected
37,29503,811,107780,6,0.7,1,Yes,No,Master,Rejected
53,115457,438,297878,13,0.23,2,Yes,Yes,HighSchool,Approved
67,167977,484,5515,11,0.48,1,Yes,No,Master,Rejected
22,65838,504,233872,34,0.25,3,Yes,No,HighSchool,Rejected
34,145200,513,63755,4,0.4,0,Yes,Yes,Bachelor,Approved
60,109489,555,32856,16,0.71,1,Yes,Yes,HighSchool,Rejected
60,46806,434,78870,31,0.71,2,No,No,HighSchool,Rejected
59,196072,387,142080,9,0.24,3,Yes,No,HighSchool,Rejected
26,173240,506,275131,16,0.83,3,Yes,No,Bachelor,Rejected
26,90119,428,101502,4,0.55,0,No,Yes,Bachelor,Rejected
23,58714,302,71323,8,0.37,1,Yes,No,Master,Rejected
27,75419,420,277017,32,0.48,2,Yes,No,HighSchool,Rejected
28,125432,684,218614,35,0.56,0,Yes,No,Bachelor,Approved
62,112949,337,172516,35,0.53,2,Yes,No,Master,Rejected
35,153533,640,110219,17,0.46,3,Yes,No,HighSchool,Approved
67,165363,320,10033,8,0.48,2,Yes,No,Bachelor,Approved
49,197876,541,282833,28,0.2,4,No,Yes,Bachelor,Rejected
53,96971,754,114756,13,0.74,2,No,No,Bachelor,Approved
50,113471,602,267210,24,0.51,2,Yes,No,HighSchool,Rejected
59,84946,368,119159,14,0.16,0,Yes,Yes,Bachelor,Approved
47,118989,428,181318,5,0.7,0,Yes,Yes,HighSchool,Rejected
56,104080,495,12533,28,0.84,2,No,No,Bachelor,Approved
49,97794,439,206224,14,0.86,1,Yes,Yes,Master,Approved
58,50841,743,247653,28,0.36,1,No,No,Bachelor,Rejected
53,144447,582,114028,3,0.17,3,No,Yes,Bachelor,Approved
57,140029,611,278916,17,0.49,2,Yes,Yes,HighSchool,Approved
47,199830,834,255231,38,0.15,4,Yes,No,Master,Approved
53,96272,576,17940,15,0.84,3,Yes,Yes,HighSchool,Approved
24,57643,360,21932,10,0.21,2,Yes,No,Bachelor,Rejected
42,63950,618,231377,13,0.26,1,Yes,Yes,PhD,Approved
22,120500,351,29648,2,0.4,1,Yes,No,Bachelor,Rejected
30,179116,452,37966,37,0.38,2,Yes,Yes,Bachelor,Approved
25,145588,610,260733,17,0.73,5,Yes,No,Bachelor,Rejected
30,35997,843,168639,19,0.44,4,No,No,HighSchool,Rejected
53,99751,688,251331,24,0.2,1,Yes,No,Master,Approved
58,118605,847,47598,37,0.28,0,No,No,HighSchool,Approved
33,174983,476,195271,12,0.48,0,No,Yes,Bachelor,Approved
51,75533,661,180309,3,0.18,5,No,No,HighSchool,Rejected
67,102566,613,201569,13,0.57,4,No,Yes,Master,Rejected
56,165643,396,136250,32,0.53,2,Yes,Yes,HighSchool,Approved
65,128255,512,253004,27,0.66,2,Yes,No,Bachelor,Approved
44,78005,436,22118,36,0.85,4,No,No,Bachelor,Rejected
35,63541,305,27616,7,0.83,3,No,Yes,Bachelor,Rejected
49,43387,408,136870,33,0.85,6,No,Yes,HighSchool,Rejected
28,113980,846,274745,4,0.26,0,No,Yes,Bachelor,Approved
25,199980,338,292507,4,0.16,3,Yes,No,HighSchool,Approved
49,105457,724,7795,30,0.31,1,Yes,No,Bachelor,Approved
67,164129,560,102462,8,0.81,1,Yes,Yes,Bachelor,Rejected
24,84028,725,270228,31,0.88,1,Yes,Yes,Bachelor,Approved
32,139246,386,267875,32,0.78,5,Yes,Yes,HighSchool,Rejected
65,75731,764,137201,2,0.14,6,No,No,PhD,Rejected
22,175930,375,164094,29,0.86,1,No,Yes,Bachelor,Rejected
47,199761,770,268749,11,0.41,2,Yes,Yes,HighSchool,Approved
51,64638,713,82506,28,0.06,0,No,Yes,Bachelor,Approved
56,197558,756,245313,2,0.43,0,No,Yes,Master,Approved
56,40567,584,49130,25,0.09,4,No,No,HighSchool,Rejected
46,180811,538,168402,29,0.51,2,Yes,Yes,Bachelor,Rejected
63,77804,671,151259,8,0.34,1,No,No,Bachelor,Rejected
47,128821,794,206682,25,0.45,2,No,No,HighSchool,Approved
25,23754,344,228034,1,0.57,0,Yes,Yes,Master,Rejected
40,47044,700,104694,2,0.79,0,Yes,No,Bachelor,Rejected
31,87260,546,24773,3,0.61,2,No,Yes,HighSchool,Approved
30,86912,749,271383,24,0.42,2,Yes,Yes,Master,Approved
60,28706,784,288007,12,0.75,0,Yes,Yes,Bachelor,Approved
58,28894,317,73968,38,0.82,2,Yes,Yes,Master,Rejected
26,169109,588,65430,34,0.15,1,No,Yes,Bachelor,Approved
28,103986,713,255072,22,0.5,3,No,No,Bachelor,Approved
43,101942,534,6515,8,0.29,4,Yes,No,Master,Rejected
67,49725,715,102206,1,0.09,4,Yes,Yes,HighSchool,Rejected
46,156998,798,250282,30,0.62,2,No,No,Master,Approved
66,124555,414,240702,1,0.78,4,No,Yes,Bachelor,Rejected
63,29496,533,10586,31,0.19,4,No,No,HighSchool,Rejected
32,76447,839,250277,17,0.74,2,Yes,No,Bachelor,Rejected
46,121604,310,36186,12,0.78,2,Yes,Yes,HighSchool,Approved
33,180878,505,31928,4,0.83,0,Yes,No,Bachelor,Rejected
60,108199,546,234336,9,0.28,4,No,No,Bachelor,Rejected
38,61321,426,219159,24,0.82,3,Yes,No,PhD,Rejected
45,173728,446,25711,33,0.32,2,Yes,Yes,HighSchool,Approved
53,75147,417,59962,36,0.52,3,Yes,No,Bachelor,Rejected
67,111396,681,25039,29,0.09,3,Yes,No,HighSchool,Approved
60,58787,711,41561,6,0.09,2,No,No,Bachelor,Rejected
63,41727,662,211555,5,0.66,6,Yes,No,Bachelor,Rejected
32,115081,808,224730,2,0.43,1,No,No,Bachelor,Approved
64,142721,436,6577,12,0.27,2,No,No,Master,Approved
56,88056,474,112792,2,0.21,2,Yes,No,Master,Approved
68,154153,588,252980,25,0.62,2,No,No,HighSchool,Rejected
24,185268,780,243540,23,0.05,3,No,No,HighSchool,Approved
25,187807,318,233506,5,0.74,2,No,Yes,Bachelor,Rejected
57,100102,494,217489,11,0.12,3,Yes,No,Bachelor,Approved
28,176570,629,15785,35,0.21,1,Yes,No,HighSchool,Approved
62,96865,474,77227,1,0.38,1,Yes,No,Bachelor,Approved
69,182728,748,70431,10,0.46,0,No,No,Bachelor,Approved
48,87695,653,252941,38,0.35,6,No,No,Bachelor,Rejected
51,188972,798,199844,33,0.32,2,No,Yes,Master,Approved
29,137235,440,155653,25,0.87,6,Yes,Yes,Bachelor,Approved
49,198773,392,268606,17,0.6,2,Yes,Yes,HighSchool,Approved
34,128777,538,200245,20,0.07,1,No,Yes,HighSchool,Approved
60,39033,504,180486,35,0.42,1,Yes,No,Master,Rejected
61,161877,732,77573,39,0.79,0,No,No,PhD,Approved
42,186923,544,229737,21,0.31,2,Yes,No,Bachelor,Approved
31,46832,616,124682,29,0.13,2,Yes,Yes,Bachelor,Approved
43,135725,594,18386,29,0.69,5,Yes,Yes,Master,Rejected
21,165016,581,59460,7,0.57,1,Yes,Yes,Bachelor,Approved
66,39873,316,120375,33,0.53,1,Yes,Yes,Master,Rejected
57,60372,370,157117,8,0.1,2,Yes,No,Master,Approved
41,109464,568,121582,19,0.17,2,Yes,No,Bachelor,Approved
46,166451,624,248015,39,0.58,2,Yes,Yes,Bachelor,Approved
66,137322,604,158778,24,0.23,0,Yes,No,HighSchool,Approved
56,187823,750,57335,18,0.48,3,No,Yes,HighSchool,Approved
43,120082,306,234087,4,0.51,3,Yes,Yes,Master,Approved
21,25110,613,57949,10,0.29,3,No,Yes,Master,Approved
60,32087,402,100558,14,0.86,1,No,Yes,Bachelor,Rejected
35,174834,492,269860,7,0.77,3,No,No,Bachelor,Rejected
41,102617,828,152646,18,0.66,1,No,No,HighSchool,Approved
67,120483,470,247887,22,0.12,2,Yes,Yes,HighSchool,Approved
29,29596,836,197898,26,0.14,2,No,Yes,Bachelor,Approved
29,127539,550,156285,39,0.47,1,No,No,Bachelor,Approved
30,38313,686,76916,31,0.19,5,No,No,Bachelor,Rejected
46,133175,506,202223,25,0.88,1,Yes,Yes,HighSchool,Rejected
61,134914,840,264590,26,0.18,2,Yes,Yes,PhD,Approved
55,43705,715,253090,18,0.46,1,Yes,Yes,Bachelor,Rejected
45,93445,679,55906,28,0.36,4,No,Yes,Master,Rejected
46,123892,443,267607,38,0.59,2,No,Yes,Bachelor,Rejected
31,22023,324,79694,32,0.16,1,Yes,No,HighSchool,Approved
58,139654,372,287152,18,0.42,1,Yes,No,Master,Rejected
22,100073,392,75474,36,0.28,1,No,Yes,Bachelor,Approved
27,112197,804,43185,18,0.8,3,Yes,Yes,Bachelor,Approved
38,84429,635,267048,32,0.08,1,No,Yes,Bachelor,Approved
47,124195,724,261574,15,0.83,1,No,Yes,HighSchool,Approved
54,53848,798,207211,22,0.76,3,Yes,No,Bachelor,Rejected
47,188876,663,27504,6,0.3,3,No,No,Master,Approved
37,166451,498,59970,25,0.72,2,Yes,Yes,HighSchool,Approved
63,47766,712,283910,31,0.08,0,No,No,HighSchool,Rejected
64,88099,638,121944,11,0.87,1,No,Yes,Master,Approved
44,187132,728,178615,7,0.5,2,No,Yes,HighSchool,Approved
45,89122,438,169211,4,0.31,1,Yes,No,Bachelor,Approved
27,167159,841,125494,27,0.36,0,Yes,Yes,Bachelor,Approved
26,68868,356,239941,4,0.11,0,Yes,No,Bachelor,Rejected
44,139119,531,13802,25,0.89,0,Yes,Yes,Bachelor,Rejected
53,174297,734,176277,4,0.08,2,Yes,Yes,HighSchool,Approved
69,115286,683,16516,21,0.61,0,Yes,Yes,HighSchool,Approved
49,26643,493,296230,14,0.43,0,Yes,Yes,Bachelor,Rejected
63,56727,833,118758,12,0.86,5,Yes,No,Bachelor,Rejected
42,162077,817,35480,27,0.26,3,Yes,Yes,Bachelor,Approved
46,129079,484,188163,32,0.5,1,No,No,Bachelor,Rejected
48,85697,591,133023,22,0.46,0,No,No,HighSchool,Rejected
41,36029,634,183838,32,0.65,2,Yes,Yes,HighSchool,Rejected
69,165298,415,276409,17,0.11,0,Yes,No,Master,Approved
27,179803,348,119165,29,0.21,1,Yes,Yes,Bachelor,Approved
37,129458,381,124501,25,0.23,1,Yes,No,HighSchool,Approved
40,130384,632,254329,15,0.68,2,Yes,No,HighSchool,Approved
61,88926,634,282530,12,0.21,2,No,Yes,HighSchool,Rejected
69,157069,831,126635,38,0.54,3,No,Yes,HighSchool,Approved
40,75506,520,179326,32,0.23,2,No,No,Master,Rejected
42,98229,622,225935,25,0.78,2,Yes,Yes,Master,Approved
48,62092,302,58634,0,0.85,2,No,Yes,Master,Rejected
60,82539,505,183734,37,0.49,0,No,No,Master,Rejected
69,172889,339,239856,1,0.35,2,Yes,No,Master,Rejected
27,188933,358,223599,5,0.25,0,Yes,Yes,Bachelor,Approved
21,33428,806,242919,37,0.09,0,Yes,No,HighSchool,Approved
52,195006,421,72443,23,0.28,4,Yes,Yes,Master,Rejected
33,161330,778,296568,17,0.61,2,No,Yes,HighSchool,Approved
50,77775,395,46505,26,0.5,3,Yes,No,HighSchool,Rejected
43,25469,713,107478,7,0.85,4,Yes,Yes,HighSchool,Rejected
39,48854,534,67699,27,0.39,4,Yes,No,Bachelor,Rejected
52,157328,361,159721,9,0.64,1,Yes,Yes,HighSchool,Approved
50,96256,555,141668,16,0.47,3,No,Yes,HighSchool,Approved
49,185009,647,283518,28,0.49,1,No,Yes,Bachelor,Approved
69,119134,423,123686,5,0.28,3,No,No,Master,Approved
65,152723,781,270919,13,0.44,1,Yes,No,Bachelor,Approved
49,104730,616,294532,21,0.45,2,No,Yes,Master,Approved
50,176123,803,288173,5,0.65,3,Yes,No,HighSchool,Approved
36,47386,347,88981,25,0.85,1,No,No,HighSchool,Rejected
60,167256,708,119010,38,0.33,4,Yes,Yes,Bachelor,Approved
39,53787,435,36105,11,0.09,2,Yes,No,Bachelor,Approved
38,41621,500,264021,34,0.47,0,Yes,No,Bachelor,Rejected
21,97984,549,152032,13,0.51,1,Yes,No,Master,Rejected
34,196325,613,131519,21,0.19,0,No,Yes,Master,Rejected
67,54051,667,147429,22,0.7,1,Yes,Yes,Master,Rejected
22,69811,728,282948,6,0.89,4,Yes,No,Bachelor,Rejected
48,50447,779,132732,39,0.85,2,Yes,Yes,HighSchool,Rejected
69,148046,613,150698,24,0.22,2,No,No,Bachelor,Rejected
50,181326,799,164204,12,0.79,1,Yes,Yes,HighSchool,Approved
58,104045,654,275095,20,0.65,1,No,No,HighSchool,Rejected
24,136859,784,286209,9,0.44,4,No,Yes,HighSchool,Rejected
21,165544,510,110072,8,0.51,4,Yes,No,Bachelor,Rejected
28,23471,343,145202,14,0.77,1,Yes,Yes,HighSchool,Rejected
49,140312,840,94360,1,0.46,4,Yes,No,HighSchool,Rejected
59,159401,391,67287,24,0.37,0,No,Yes,Bachelor,Rejected
23,185937,564,243009,12,0.47,2,Yes,Yes,Bachelor,Approved
52,66850,519,187774,33,0.54,0,Yes,Yes,Bachelor,Rejected
30,74220,741,173065,33,0.21,2,No,No,Bachelor,Approved
30,113808,700,167947,34,0.82,1,No,No,HighSchool,Approved
39,157469,699,251356,37,0.62,3,Yes,No,HighSchool,Approved
66,186597,789,142126,2,0.59,3,Yes,Yes,HighSchool,Approved
54,73072,784,235881,5,0.13,0,Yes,No,Master,Rejected
53,103820,769,112357,18,0.56,2,Yes,Yes,Bachelor,Approved
43,43284,744,212440,2,0.15,0,Yes,Yes,HighSchool,Rejected
48,103369,568,34670,17,0.12,2,No,Yes,HighSchool,Approved
52,45122,566,164379,38,0.5,1,Yes,No,PhD,Rejected
27,150349,353,249159,8,0.39,3,No,Yes,Bachelor,Rejected
49,90553,827,203159,11,0.55,2,No,No,Master,Approved
28,114788,819,199152,4,0.13,1,Yes,No,HighSchool,Approved
21,82812,358,84335,2,0.42,2,No,Yes,HighSchool,Rejected
23,27999,339,293456,10,0.2,3,Yes,No,Master,Rejected
44,42436,536,71985,29,0.89,3,No,Yes,Bachelor,Rejected
43,62963,685,135744,3,0.53,0,No,Yes,Bachelor,Rejected
28,153168,599,256713,4,0.63,1,Yes,No,Bachelor,Rejected
67,176351,694,176349,0,0.33,4,Yes,Yes,Bachelor,Approved
57,128899,506,36551,26,0.13,3,Yes,Yes,Bachelor,Approved
23,46201,635,94813,27,0.88,1,Yes,Yes,HighSchool,Rejected
53,170787,813,181284,28,0.29,0,Yes,No,Bachelor,Approved
48,180381,477,14637,17,0.41,4,Yes,No,Master,Rejected
67,166150,695,134553,11,0.6,1,No,No,HighSchool,Approved
28,25105,670,31950,12,0.07,3,Yes,Yes,Bachelor,Rejected
54,137666,617,132870,1,0.74,1,No,Yes,Bachelor,Rejected
55,114848,668,5215,36,0.51,2,No,No,PhD,Rejected
52,22839,683,278667,15,0.29,4,Yes,No,Bachelor,Rejected
44,88920,361,28834,23,0.1,1,No,No,Bachelor,Approved
34,63619,804,48066,34,0.19,4,Yes,No,Master,Rejected
52,62821,538,277544,21,0.81,2,Yes,No,Master,Rejected
66,145736,494,15345,35,0.63,3,No,Yes,Bachelor,Rejected
63,164565,521,38896,10,0.26,4,Yes,No,Bachelor,Rejected
36,37069,360,296043,28,0.11,5,No,Yes,HighSchool,Rejected
24,27531,428,295373,34,0.64,1,No,Yes,Bachelor,Rejected
57,188123,455,272727,14,0.54,2,No,Yes,Master,Rejected
41,158808,677,76537,30,0.39,3,No,Yes,Master,Approved
34,158782,736,245489,15,0.36,0,No,No,HighSchool,Approved
51,87155,506,79807,9,0.23,1,Yes,Yes,Bachelor,Approved
68,165047,687,134648,31,0.62,2,Yes,No,Bachelor,Approved
38,82424,779,149401,1,0.88,0,No,Yes,PhD,Approved
27,65603,639,237117,23,0.2,2,Yes,No,Bachelor,Rejected
30,174324,639,253780,22,0.56,4,Yes,No,Bachelor,Rejected
27,152503,503,218286,1,0.41,3,Yes,Yes,HighSchool,Approved
53,188553,460,42052,37,0.43,2,No,No,Bachelor,Rejected
43,112573,839,51032,30,0.27,4,Yes,Yes,HighSchool,Approved
41,160629,691,103802,39,0.75,3,No,No,Master,Approved
39,123302,833,239337,25,0.46,0,Yes,Yes,Master,Approved
68,151234,369,177857,28,0.51,2,Yes,Yes,Bachelor,Approved
39,185814,704,201753,2,0.31,5,Yes,No,Bachelor,Rejected
56,39675,816,225934,13,0.2,1,Yes,No,Master,Approved
49,93997,419,231599,24,0.12,2,No,Yes,HighSchool,Rejected
38,168087,516,118221,0,0.66,2,Yes,Yes,HighSchool,Approved
22,183663,355,131457,2,0.22,2,Yes,No,Master,Approved
21,160905,665,283720,25,0.64,1,Yes,Yes,Master,Approved
67,27896,803,124875,17,0.38,2,Yes,Yes,Master,Rejected
25,184044,754,36601,8,0.4,0,Yes,Yes,HighSchool,Approved
40,69733,403,109186,37,0.45,0,Yes,No,HighSchool,Rejected
31,61800,376,170707,22,0.36,0,No,Yes,HighSchool,Rejected
62,116044,529,274609,20,0.14,2,No,Yes,HighSchool,Approved
22,25347,557,61754,0,0.31,5,Yes,No,Master,Rejected
23,153715,563,234047,20,0.61,3,Yes,Yes,HighSchool,Approved
43,60785,630,97850,26,0.62,4,Yes,Yes,Bachelor,Rejected
32,38681,481,221191,5,0.29,1,Yes,Yes,HighSchool,Rejected
40,123864,849,43871,35,0.44,2,No,Yes,Bachelor,Approved
25,166964,326,198946,27,0.21,3,No,No,PhD,Rejected
57,67299,575,296655,16,0.23,2,Yes,Yes,HighSchool,Rejected
58,37073,598,254200,39,0.07,3,No,Yes,Bachelor,Rejected
50,122304,390,206239,2,0.81,5,Yes,Yes,HighSchool,Rejected
29,50682,779,239453,11,0.23,3,Yes,Yes,HighSchool,Approved
54,144302,757,37574,38,0.24,1,Yes,Yes,Bachelor,Approved
64,165361,750,107072,11,0.29,2,Yes,No,Bachelor,Approved
55,135359,664,209603,1,0.16,1,No,No,Bachelor,Approved
42,158999,650,161258,21,0.59,2,Yes,Yes,Master,Approved
64,199402,699,158885,22,0.11,1,Yes,Yes,Bachelor,Approved
44,86707,552,214884,29,0.16,2,No,No,HighSchool,Rejected
37,85428,758,221597,4,0.6,1,No,No,Bachelor,Rejected
30,70601,798,114779,8,0.34,3,No,No,HighSchool,Approved
50,153611,807,23557,20,0.65,3,No,Yes,Bachelor,Approved
66,131487,603,164132,10,0.52,3,Yes,Yes,Bachelor,Approved
43,173741,800,236977,4,0.27,0,No,Yes,HighSchool,Approved
52,171716,465,142152,34,0.6,0,No,Yes,Master,Approved
37,169817,714,149926,26,0.15,1,No,Yes,Master,Approved
37,48228,761,203767,1,0.51,1,No,Yes,Master,Approved
34,185593,413,163097,23,0.42,4,Yes,No,HighSchool,Rejected
29,142788,732,189054,30,0.28,1,No,No,Bachelor,Approved
60,117239,655,46081,32,0.56,2,Yes,Yes,Master,Approved
22,46928,506,235693,38,0.79,1,Yes,Yes,HighSchool,Rejected
65,38322,534,294238,29,0.9,2,Yes,Yes,Master,Rejected
45,107896,741,160063,36,0.57,0,No,No,HighSchool,Approved
59,82292,654,268445,27,0.39,4,Yes,No,HighSchool,Rejected
29,49055,814,164682,30,0.24,2,Yes,No,Master,Approved
42,62891,507,86463,10,0.27,0,Yes,No,Master,Approved
63,101912,424,170750,22,0.46,2,No,Yes,Master,Rejected
66,157660,437,291610,1,0.36,3,Yes,No,Master,Rejected
24,110536,638,31081,39,0.83,2,No,No,HighSchool,Approved
46,26304,836,29354,26,0.36,2,No,Yes,HighSchool,Approved
49,27345,367,98297,34,0.37,2,Yes,Yes,Master,Rejected
65,180372,840,285444,1,0.38,0,Yes,Yes,HighSchool,Approved
54,175331,682,69384,38,0.76,0,No,No,Bachelor,Approved
43,111006,318,126684,36,0.6,1,No,Yes,Bachelor,Approved
57,166424,749,40525,20,0.57,3,No,No,HighSchool,Approved
31,149350,373,11464,4,0.33,4,Yes,No,HighSchool,Rejected
26,184437,575,21562,20,0.75,2,No,No,Bachelor,Rejected
38,39446,347,60514,28,0.08,2,Yes,No,Master,Rejected
41,22336,510,117564,19,0.79,2,No,Yes,Bachelor,Rejected
62,82032,839,37634,37,0.49,0,No,Yes,Bachelor,Approved
56,117852,490,267204,19,0.39,0,Yes,No,Bachelor,Rejected
61,158593,614,276413,24,0.47,0,No,Yes,HighSchool,Approved
58,174553,412,199215,1,0.62,0,No,No,HighSchool,Approved
54,38474,469,28065,31,0.06,1,No,No,Bachelor,Rejected
37,197832,767,270039,25,0.79,2,Yes,Yes,HighSchool,Approved
57,75718,313,148424,5,0.43,3,Yes,Yes,HighSchool,Rejected
45,64629,587,109127,2,0.34,6,No,No,Bachelor,Rejected
58,65232,488,101426,32,0.17,3,Yes,Yes,Bachelor,Approved
32,106544,454,197376,0,0.42,2,Yes,No,HighSchool,Rejected
43,70669,770,16962,4,0.47,2,No,Yes,Bachelor,Approved
62,89184,374,38302,12,0.39,0,Yes,No,Bachelor,Approved
42,199017,576,9011,18,0.63,1,No,No,HighSchool,Rejected
41,33140,642,24782,11,0.41,2,Yes,Yes,Master,Rejected
47,146468,724,203763,24,0.87,1,Yes,Yes,HighSchool,Approved
51,103457,810,125654,34,0.56,1,No,No,Master,Approved
26,34357,481,14196,11,0.74,0,No,Yes,HighSchool,Rejected
47,131672,757,48459,29,0.14,0,No,Yes,Master,Approved
60,88673,363,92245,4,0.39,3,Yes,No,HighSchool,Rejected
54,141673,559,83863,33,0.34,1,No,No,Master,Approved
32,85633,492,255463,21,0.53,1,Yes,Yes,Bachelor,Rejected
65,116111,705,37769,38,0.78,4,Yes,Yes,Bachelor,Approved
27,98258,392,261433,12,0.12,3,Yes,No,Bachelor,Rejected
30,163996,729,29700,2,0.11,2,No,No,HighSchool,Approved
65,89286,733,251864,19,0.77,5,Yes,No,Master,Approved
37,113269,703,216428,30,0.23,2,Yes,No,HighSchool,Approved
46,94071,733,236237,4,0.62,1,Yes,No,Master,Approved
41,50651,411,272413,23,0.51,4,Yes,No,HighSchool,Rejected
48,90202,674,119003,39,0.76,4,Yes,No,Bachelor,Rejected
66,68777,358,144392,32,0.16,4,No,No,Bachelor,Rejected
22,168066,342,54589,7,0.16,3,Yes,Yes,Bachelor,Approved
63,87263,506,255606,23,0.52,1,No,Yes,HighSchool,Rejected
21,120158,595,212348,19,0.85,3,No,Yes,Master,Approved
56,30800,417,40897,15,0.4,0,Yes,No,Master,Rejected
46,57823,831,194637,11,0.33,0,No,Yes,Master,Approved
49,83878,521,167002,12,0.57,4,Yes,No,Bachelor,Rejected
41,38708,465,193305,38,0.84,5,No,Yes,Bachelor,Rejected
31,163891,455,218893,24,0.76,2,No,No,Bachelor,Rejected
60,83870,483,281524,31,0.9,1,Yes,No,HighSchool,Rejected
31,29283,389,212968,23,0.07,1,No,Yes,Master,Rejected
56,181645,393,75934,8,0.15,1,Yes,No,HighSchool,Approved
69,98707,312,60830,39,0.57,3,Yes,Yes,Bachelor,Rejected
59,182005,737,272673,22,0.75,0,No,Yes,Bachelor,Approved
60,25774,837,257364,12,0.29,2,Yes,Yes,Bachelor,Approved
55,162055,449,238294,31,0.25,0,Yes,Yes,Master,Approved
54,116468,307,87987,14,0.72,2,Yes,Yes,Bachelor,Rejected
67,116334,328,54178,35,0.1,0,No,Yes,Bachelor,Rejected
44,38133,595,143009,4,0.36,5,Yes,Yes,Master,Rejected
42,166011,639,44886,21,0.48,2,No,Yes,Bachelor,Rejected
25,20781,738,54699,15,0.53,2,Yes,Yes,HighSchool,Rejected
53,134586,443,81396,9,0.67,7,Yes,No,HighSchool,Rejected
56,47624,818,95678,23,0.35,1,No,No,HighSchool,Rejected
67,26823,344,30279,17,0.57,3,Yes,Yes,Bachelor,Rejected
40,38489,538,115776,17,0.55,0,No,No,Master,Rejected
39,191033,454,106444,6,0.52,1,Yes,No,HighSchool,Approved
55,49118,480,118793,3,0.59,2,Yes,Yes,Bachelor,Rejected
63,120417,514,215809,25,0.27,1,Yes,Yes,Master,Approved
37,101816,387,176616,4,0.12,2,No,No,Master,Rejected
65,173335,555,247262,15,0.15,0,No,Yes,Bachelor,Rejected
63,33565,810,13997,34,0.24,1,No,Yes,HighSchool,Rejected
54,171426,372,111102,25,0.48,0,Yes,Yes,HighSchool,Approved
29,194023,478,45860,17,0.76,4,No,No,HighSchool,Rejected
46,111179,511,270369,28,0.65,2,Yes,Yes,HighSchool,Approved
22,43648,533,115114,22,0.72,1,No,No,HighSchool,Rejected
29,61971,764,118218,13,0.35,0,No,Yes,Bachelor,Approved
29,38658,522,112041,14,0.39,8,No,Yes,HighSchool,Rejected
60,41253,563,197150,32,0.38,1,Yes,No,HighSchool,Rejected
37,199635,506,81290,24,0.21,3,Yes,Yes,HighSchool,Approved
21,177462,665,61633,20,0.1,2,Yes,No,Bachelor,Rejected
45,108664,575,293799,16,0.55,1,No,No,Bachelor,Rejected
63,123850,679,126118,22,0.89,1,Yes,Yes,Bachelor,Approved
60,183730,608,179673,16,0.19,4,Yes,Yes,HighSchool,Rejected
62,157924,567,8114,13,0.09,1,Yes,No,Bachelor,Approved
45,153623,363,293646,28,0.71,1,Yes,No,HighSchool,Rejected
59,91947,649,54768,19,0.26,2,Yes,Yes,HighSchool,Approved
55,81001,793,88123,29,0.76,2,No,Yes,Master,Approved
23,142775,822,113255,18,0.65,0,No,Yes,PhD,Approved
57,53243,397,171405,38,0.85,2,No,Yes,Bachelor,Rejected
64,172872,370,8174,12,0.4,1,No,Yes,Master,Rejected
64,95939,663,122769,17,0.61,3,Yes,No,Bachelor,Rejected
50,77828,575,140393,22,0.45,1,Yes,No,HighSchool,Rejected
58,158311,349,232043,32,0.59,2,Yes,No,PhD,Approved
54,26710,657,247580,38,0.43,6,No,No,HighSchool,Rejected
32,172456,784,191493,39,0.21,3,Yes,Yes,Bachelor,Approved
39,172110,383,77635,17,0.48,0,Yes,No,HighSchool,Rejected
57,191918,595,290904,8,0.5,2,Yes,Yes,Bachelor,Approved
64,57991,535,146385,32,0.74,4,Yes,Yes,Bachelor,Rejected
69,158043,355,247878,31,0.68,0,Yes,Yes,Bachelor,Approved
37,180211,659,222070,16,0.61,3,Yes,Yes,HighSchool,Approved
30,105445,409,281274,18,0.15,2,No,Yes,HighSchool,Approved
69,100257,491,155056,26,0.66,3,No,No,HighSchool,Approved
67,57711,392,148933,5,0.48,2,Yes,Yes,PhD,Rejected
